,hash,author,date,commit_message,is_merge,lines_changed,insertions,deletions,dmm_unit_size,dmm_unit_complexity,dmm_unit_interfacing,radon_LOC,radon_LLOC,radon_SLOC,radon_comments,radon_avg_cc,radon_avg_MI,radon_avg_vocabulary,radon_avg_length,radon_avg_volume,radon_avg_difficulty,radon_avg_effort,radon_avg_time,radon_avg_bugs
0,2849c65d9d21680a693eea7d9cf7a4609888e6e1,Theo Spears,2012-12-04 12:43:43+00:00,Start of move to a shared performance status bar,False,111,111,0,0.6031746031746031,0.6031746031746031,0.12698412698412698,111,77,89,3,2.0833333333333335,90.30849543057515,4.25,4.75,17.459906924425056,0.5625,35.599224038261475,1.977734668792304,0.005819968974808352
1,3473948a51999b2b52ce842d92c16f20297354ee,Theo Spears,2012-12-04 12:43:43+00:00,Move overall timing into speedbar,False,10,10,0,0.16666666666666666,0.16666666666666666,0.16666666666666666,121,82,97,3,2.0833333333333335,89.90609713873559,5.0,5.875,23.723557913290865,0.6447368421052632,62.715233557567586,3.4841796420870876,0.00790785263776362
2,1d690781d7b51cee4568bda71fcc5f46241c5094,Theo Spears,2012-12-04 12:43:43+00:00,Split out into multiple modules,False,117,80,37,1.0,1.0,1.0,164,120,122,3,2.0869565217391304,82.80640116140128,4.333333333333333,4.888888888888889,15.289353693847902,0.6333333333333333,23.188346935703944,1.2882414964279971,0.005096451231282634
3,9da8d731653ef8ed1a32dbdffb728be506b47e6a,Theo Spears,2012-12-04 12:43:44+00:00,Record job counts and make job details available,False,35,33,2,1.0,1.0,0.625,195,138,144,3,1.9655172413793103,82.1586557996556,4.555555555555555,5.222222222222222,16.94376215708523,0.6333333333333333,26.4971638621786,1.4720646590099224,0.0056479207190284104
4,714c6d6ed95d0a332e1c8a3bee0c8a334e25d99a,Theo Spears,2012-12-04 12:43:44+00:00,Make an effort to be thread safe,False,59,42,17,0.15789473684210525,1.0,0.7894736842105263,220,159,165,3,2.121212121212121,81.28028151838049,5.111111111111111,5.777777777777778,19.713015569482756,0.75,35.67570670823353,1.9819837060129732,0.0065710051898275855
5,b88a9f17242002a1a65b9072237cc96f5e138aec,Theo Spears,2012-12-04 12:43:44+00:00,Linting cleanups,False,4,2,2,,,,220,158,164,4,2.121212121212121,81.70282880987867,5.111111111111111,5.777777777777778,19.713015569482756,0.75,35.67570670823353,1.9819837060129732,0.0065710051898275855
6,5b0b4968c6f3c93a497ee56647306f738d180771,Theo Spears,2012-12-04 12:58:19+00:00,Work better with unicode,False,9,7,2,0.0,0.0,0.0,225,161,167,4,2.121212121212121,81.59920768060157,5.111111111111111,5.777777777777778,19.713015569482756,0.75,35.67570670823353,1.9819837060129732,0.0065710051898275855
7,c928a634353dcaba7dfee4e8386a3e6edc16309a,Theo Spears,2012-12-04 17:47:25+00:00,Don't send details when not in debug mode,False,12,8,4,0.0,0.0,0.0,229,163,169,4,2.1515151515151514,81.52044751988511,5.111111111111111,5.777777777777778,19.713015569482756,0.75,35.67570670823353,1.9819837060129732,0.0065710051898275855
8,14390efd32655eb1b897d72d274cb46b134b6bb4,Theo Spears,2012-12-04 22:13:49+00:00,Don't blow up on unserializable data,False,2,1,1,,,,229,163,169,4,2.1515151515151514,81.52044751988511,5.111111111111111,5.777777777777778,19.713015569482756,0.75,35.67570670823353,1.9819837060129732,0.0065710051898275855
9,a110ce4b205ebeb73df30b64293e4930579d6800,Mat Clayton,2012-12-18 14:44:59+00:00,fix renders for TemplateResponse,False,3,3,0,0.0,0.0,0.0,232,165,171,5,2.212121212121212,82.4908028612398,5.111111111111111,5.777777777777778,19.713015569482756,0.75,35.67570670823353,1.9819837060129732,0.0065710051898275855
10,98c34bdc3fb93865adece18528f2b748a3b2dcb6,Theo Spears,2013-01-03 19:12:41+00:00,"Separate response to fetch panel data

We instead pass a unique url which can be used to fetch further details
about the page load if required.",False,37,31,6,0.7,0.7,0.7,257,185,193,6,2.2058823529411766,85.67792075675841,4.454545454545454,5.0,17.69305617342365,0.6590909090909091,36.37250498453545,2.0206947213630806,0.0058976853911412155
11,cb484513834a07ba20c6dc07aeee92a82d483776,Theo Spears,2013-01-03 19:12:41+00:00,Initial speedtracer implementation with sql,False,107,92,15,0.6153846153846154,0.9230769230769231,0.6153846153846154,334,234,257,6,2.024390243902439,81.1778823868952,6.153846153846154,7.230769230769231,27.779720012602372,0.8931450915256582,72.6589156603084,4.036606425572689,0.009259906670867459
12,d179aa116a39c3a915ba4e83ba242023ff4446f9,Theo Spears,2013-01-03 19:12:41+00:00,Intercept more of the request process,False,92,60,32,1.0,1.0,1.0,362,256,279,6,2.021276595744681,80.7987064666203,6.0,7.142857142857143,26.275758805230968,0.8284780578898225,57.891372949464476,3.21618738608136,0.008758586268410324
13,8e4f0420763392ba151ccb49f1e97e6129c61d80,Theo Spears,2013-01-03 19:12:42+00:00,Restrict the detail endpoints to staff and debug,False,10,7,3,,,,366,260,283,6,2.0638297872340425,80.4218548829087,6.357142857142857,7.571428571428571,28.12801370303984,0.8641923436041082,60.24118386760635,3.346732437089242,0.009376004567679948
14,a090e06250ffd10ef0587d57ed18512976ea6073,Theo Spears,2013-01-03 19:12:42+00:00,Trace time spent in middleware,False,330,187,143,1.0,1.0,0.6666666666666666,424,304,327,6,2.0,81.97627543980795,4.7,5.45,18.407600354080763,0.6461111111111111,30.665515722183663,1.703639762343537,0.006135866784693588
15,2188926ec87e8a5e57c4c62c5d56f1212fd53bfa,Theo Spears,2013-01-03 19:12:42+00:00,Record time in resolve and view,False,124,86,38,1.0,1.0,0.7380952380952381,472,343,366,7,1.9622641509433962,81.5381652756885,5.35,6.15,21.56985597897259,0.7461111111111111,39.04664353462958,2.169257974146088,0.007189951992990865
16,7ccdc07d7103ba0dddcc6bb8d43d467ae7294663,Theo Spears,2013-01-03 19:12:43+00:00,Major things using time now included,False,38,37,1,0.3125,1.0,0.3125,508,375,398,7,1.9811320754716981,81.20603500226177,5.7,6.6,24.050486521846704,0.7711111111111111,48.18853516325193,2.6771408424028853,0.00801682884061557
17,bfd996ae6eb818ed8520a36c5ff42e33a959bd62,Theo Spears,2013-01-03 19:12:43+00:00,Use objects to represent stack nodes,False,54,38,16,1.0,1.0,1.0,530,388,415,7,1.9310344827586208,80.99696905575857,5.7,6.6,24.050486521846704,0.7711111111111111,48.18853516325193,2.6771408424028853,0.00801682884061557
18,61e037b2fdf3622ff0722afa516a384aa3d452e5,Theo Spears,2013-01-03 19:12:44+00:00,Move more logic into node,False,23,14,9,1.0,1.0,0.25,535,392,419,7,1.9152542372881356,80.94282125900756,5.75,6.6,24.136018684979916,0.76,47.701743539626605,2.650096863312589,0.008045339561659972
19,f90aa37221a15a411b3c2e8a86dda177efe755af,Theo Spears,2013-01-03 19:12:44+00:00,Fix up name of end function,False,6,3,3,,,,535,392,419,7,1.9152542372881356,80.94282125900756,5.75,6.6,24.136018684979916,0.76,47.701743539626605,2.650096863312589,0.008045339561659972
20,b30f9ad8c0b8cddf3030fd2ba3d5c0a79e86c5c2,Theo Spears,2013-01-03 19:12:45+00:00,Configure which modules get loaded,False,89,50,39,1.0,1.0,1.0,546,396,429,7,1.9344262295081966,80.86608020695739,5.75,6.6,24.136018684979916,0.76,47.701743539626605,2.650096863312589,0.008045339561659972
21,98689f40f1807202bafc42f678b10c1b069a4b85,Theo Spears,2013-01-03 19:12:45+00:00,Remove no longer needed modules file,False,0,0,0,,,,546,396,429,7,1.9344262295081966,79.85903179679724,6.052631578947368,6.947368421052632,25.406335457873595,0.7999999999999999,50.21236162065958,2.789575645592199,0.008468778485957866
22,fb044c51ccbbfec59b6552c1ef72f969d367503b,Theo Spears,2013-01-03 19:12:45+00:00,Just one singleton,False,69,32,37,0.5,0.0,0.0,541,387,421,10,1.85,80.3491262923384,5.842105263157895,6.631578947368421,23.859204537314394,0.7999999999999999,47.11809977954116,2.617672209974509,0.007953068179104798
23,fe4114b382a364d7a922f97b01dce71cd260dfb0,Theo Spears,2013-01-03 19:12:46+00:00,Protect speedbar features with gargoyle,False,20,11,9,0.0,0.0,0.0,543,388,422,10,1.85,80.50509000282221,5.578947368421052,6.315789473684211,22.49438513892891,0.7736842105263158,45.38666015564714,2.5214811197581746,0.007498128379642968
24,499eb15b9d0c7e7897f3c5f84dba2f333fc26c88,Theo Spears,2013-01-03 19:12:46+00:00,Add missing import,False,2,1,1,,,,543,388,422,10,1.85,80.50509000282221,5.578947368421052,6.315789473684211,22.49438513892891,0.7736842105263158,45.38666015564714,2.5214811197581746,0.007498128379642968
25,53292f7d275d260f74212e4e303629353dafe7b1,Theo Spears,2013-01-03 19:12:46+00:00,Don't initialise more than once,False,7,7,0,1.0,1.0,1.0,550,393,428,10,1.8666666666666667,80.50509000282221,5.578947368421052,6.315789473684211,22.49438513892891,0.7736842105263158,45.38666015564714,2.5214811197581746,0.007498128379642968
26,31a73046ad21cd4d024945b2eb861310b4183ca3,Theo Spears,2013-01-03 19:12:47+00:00,Add Redis and memcache to speedbar,False,176,155,21,1.0,1.0,0.6136363636363636,684,490,530,20,1.8783783783783783,80.52075566670058,5.681818181818182,6.409090909090909,22.642610585022002,0.7818181818181817,44.93934865503834,2.4966304808354636,0.007547536861674
27,eec510ef89af2b3a15cffb051bad946aa66fac49,Theo Spears,2013-01-03 19:12:47+00:00,Maintain a dict to better get nodes by type,False,21,8,13,0.0,0.0,0.8,679,486,526,20,1.8630136986301369,80.59917155901309,5.545454545454546,6.2727272727272725,21.881514438165876,0.759090909090909,41.65211558896799,2.314006421609333,0.007293838146055291
28,8eccc9dd98c6d05989ce83c36db416f0447a201f,Theo Spears,2013-01-03 19:12:47+00:00,Make SQL use speedtracer data too,False,42,9,33,1.0,0.0,0.8823529411764706,655,468,507,18,1.8333333333333333,83.49138786660954,5.181818181818182,5.863636363636363,21.032130071280072,0.7136363636363636,41.22742340552509,2.2904124114180604,0.0070107100237600225
29,86a465c8216c7052aa4c609db9c7cf965804109e,Theo Spears,2013-01-03 19:19:03+00:00,linting cleanups,False,6,1,5,0.0,0.0,0.0,651,466,503,18,1.8194444444444444,83.64006784572378,5.045454545454546,5.7272727272727275,20.438110460794807,0.6909090909090909,40.31677723664609,2.2398209575914496,0.006812703486931602
30,b7801883dea670eff4da3ecf3c643167ce06f53d,Theo Spears,2013-01-07 11:29:44+00:00,monkeypatch_method can take a method name,False,23,8,15,0.0,0.0,0.0,644,465,502,12,1.8194444444444444,82.741678390402,5.181818181818182,5.863636363636363,20.654241710893146,0.7136363636363636,40.42484286169526,2.2458246034275144,0.006884747236964381
31,a5ad1af6dabd7789c9d80587d16ac944cdb98fed,Theo Spears,2013-01-07 11:29:45+00:00,Comment request interception model,False,33,23,10,1.0,1.0,1.0,657,467,504,20,1.7972972972972974,83.16869375279346,5.181818181818182,5.863636363636363,20.654241710893146,0.7136363636363636,40.42484286169526,2.2458246034275144,0.006884747236964381
32,91d548bd4088ccded94a127ae122465023f5c4a3,Theo Spears,2013-01-07 11:29:45+00:00,Remove unneeded instance check,False,5,3,2,0.0,0.0,0.0,658,466,503,20,1.7837837837837838,83.16869375279346,5.181818181818182,5.863636363636363,20.654241710893146,0.7136363636363636,40.42484286169526,2.2458246034275144,0.006884747236964381
33,d0ffdc6c4c26a80630623fe4891292f6eb2c38ea,Theo Spears,2013-01-07 11:29:45+00:00,Clean up memcache module naming and organisation,False,27,11,16,0.0,0.0,0.0,653,466,496,20,1.7837837837837838,83.21626205536589,5.181818181818182,5.863636363636363,20.654241710893146,0.7136363636363636,40.42484286169526,2.2458246034275144,0.006884747236964381
34,55fb3dee0e2b3e45f93114a79c95bd5cb8292792,Theo Spears,2013-01-07 11:29:45+00:00,Add some documentation to the stacktracer,False,11,10,1,,,,662,467,496,20,1.7837837837837838,83.96185430137088,5.181818181818182,5.863636363636363,20.654241710893146,0.7136363636363636,40.42484286169526,2.2458246034275144,0.006884747236964381
35,d72a1dde759e4993f7c75764fd36668192b387e5,Theo Spears,2013-01-07 12:24:24+00:00,Clean up middleware code,False,40,27,13,1.0,1.0,0.0,676,473,500,23,1.7236842105263157,84.60233578764168,5.181818181818182,5.863636363636363,20.654241710893146,0.7136363636363636,40.42484286169526,2.2458246034275144,0.006884747236964381
36,f31dfd061054de3b15eea386654632711c7a3d99,Theo Spears,2013-01-07 12:24:24+00:00,Clean up templatetags,False,18,6,12,0.0,0.0,0.0,670,466,491,23,1.7534246575342465,86.06862292931163,5.181818181818182,5.863636363636363,20.654241710893146,0.7136363636363636,40.42484286169526,2.2458246034275144,0.006884747236964381
37,10e8f46bfd399c87deb992f69125d07c2bfd7792,Theo Spears,2013-01-07 12:24:25+00:00,Quick summary of modules,False,10,10,0,,,,680,468,491,25,1.7534246575342465,86.99121914248978,5.181818181818182,5.863636363636363,20.654241710893146,0.7136363636363636,40.42484286169526,2.2458246034275144,0.006884747236964381
38,f6a9447c31883f72d2f4a8a1aef919984a16002d,Theo Spears,2013-01-07 12:24:25+00:00,Move to a monkeypatched db interceptor,False,60,26,34,1.0,1.0,1.0,672,464,487,23,1.75,84.93720111235659,5.473684210526316,6.2105263157894735,21.992216241888855,0.7473684210526316,43.922880494297594,2.4401600274609776,0.007330738747296284
39,1d5369b07914739e9f1de77d4f975ff0f2b3be22,Theo Spears,2013-01-07 14:54:20+00:00,Don't write to memcache for non-enabled users,False,23,17,6,0.75,0.0,0.75,683,472,495,24,1.8055555555555556,84.85635409865445,5.473684210526316,6.2105263157894735,21.992216241888855,0.7473684210526316,43.922880494297594,2.4401600274609776,0.007330738747296284
40,824e0c4a50a868a1924a5b9deb62556210db8578,Theo Spears,2013-01-07 15:06:38+00:00,Document module interface a bit more,False,19,15,4,1.0,0.8,1.0,694,478,499,25,1.8108108108108107,84.98354958746546,5.631578947368421,6.368421052631579,22.760476391369377,0.7744360902255639,45.923794881938385,2.5513219378854655,0.007586825463789792
41,e39fadc6fead884fc3457fa7629fc8d1c72f5240,Theo Spears,2013-01-07 15:14:48+00:00,Use json decorator where appropriate,False,9,5,4,0.0,0.0,0.0,695,479,500,26,1.8108108108108107,85.6058001895172,5.631578947368421,6.368421052631579,22.760476391369377,0.7744360902255639,45.923794881938385,2.5513219378854655,0.007586825463789792
42,15cc867080a7298144ac29cf8e1bd844a5c753df,Theo Spears,2013-01-07 15:23:37+00:00,Add page headers,False,17,17,0,,,,712,480,500,26,1.8108108108108107,85.6058001895172,5.631578947368421,6.368421052631579,22.760476391369377,0.7744360902255639,45.923794881938385,2.5513219378854655,0.007586825463789792
43,f9c766531123a65bd64b74bf12037d434121280e,Theo Spears,2013-01-07 15:37:43+00:00,Allow disabling speedbar,False,23,15,8,0.3333333333333333,0.3333333333333333,0.3333333333333333,719,487,507,26,1.837837837837838,85.47673958625914,5.7368421052631575,6.473684210526316,23.383419609902052,0.8007518796992482,49.78558516590925,2.7658658425505127,0.007794473203300684
44,8c02da147fb2c26e92f7fbc22b7c47c30a329d4d,Theo Spears,2013-01-07 15:43:17+00:00,Linting cleanups,False,5,2,3,,,,718,484,504,28,1.837837837837838,85.4984101167925,5.7368421052631575,6.473684210526316,23.383419609902052,0.8007518796992482,49.78558516590925,2.7658658425505127,0.007794473203300684
45,c42cfa25a7ba9791d9b826fa6b6ff100cb71a83d,Theo Spears,2013-01-07 16:11:21+00:00,Patch middleware under wsgi too,False,16,16,0,1.0,1.0,0.16666666666666666,734,497,517,30,1.837837837837838,85.39438309341641,6.157894736842105,6.894736842105263,26.058686120200544,0.8796992481203008,71.10949058258002,3.9505272545877785,0.008686228706733514
46,b7ffa049295bd4754098463d392bb5f4f0020d79,Theo Spears,2013-01-07 16:23:54+00:00,Alternative approach to middleware patching,False,6,4,2,1.0,1.0,0.0,736,499,519,30,1.837837837837838,85.3770359029756,6.157894736842105,6.894736842105263,26.058686120200544,0.8796992481203008,71.10949058258002,3.9505272545877785,0.008686228706733514
47,e795a68e74abc47b9f1576f655a5ed307b746fc0,Theo Spears,2013-01-07 16:28:33+00:00,Double lock check properly,False,5,3,2,1.0,1.0,0.0,737,500,520,30,1.837837837837838,85.35934787514505,6.157894736842105,7.0,26.580180468662327,0.8904647983595352,75.37626252454001,4.187570140252222,0.008860060156220774
48,df73365b7db473e60bfba82b49577f9b14d9eb89,Theo Spears,2013-01-07 17:38:33+00:00,new relic compatible monkeypatching,False,20,10,10,,,,737,500,520,30,1.837837837837838,85.35934787514505,6.157894736842105,7.0,26.580180468662327,0.8904647983595352,75.37626252454001,4.187570140252222,0.008860060156220774
49,53e97c3d87f658e115c89a8f0fea621a273d109c,Theo Spears,2013-01-07 17:55:43+00:00,Support non class based middleware,False,3,2,1,1.0,1.0,0.0,738,501,521,30,1.8513513513513513,85.34381589085598,6.157894736842105,7.0,26.580180468662327,0.8904647983595352,75.37626252454001,4.187570140252222,0.008860060156220774
50,60ffe2ce3976a440f617a4e39f7fd8544e7a12b6,Theo Spears,2013-01-07 18:04:02+00:00,Python doesn't lazy evaluate,False,5,4,1,1.0,1.0,0.0,741,504,524,30,1.8513513513513513,85.31896359350264,6.157894736842105,7.0,26.580180468662327,0.8904647983595352,75.37626252454001,4.187570140252222,0.008860060156220774
51,03e675dade897b3dbecd14f89161578c011067f4,Theo Spears,2013-01-08 14:25:19+00:00,Don't blow up on untraceable functions,False,22,13,9,1.0,1.0,0.0,745,507,527,31,1.864864864864865,85.32044837991329,6.157894736842105,7.0,26.580180468662327,0.8904647983595352,75.37626252454001,4.187570140252222,0.008860060156220774
52,3e7d3a70ed0fe57860b95b5437ea9be12d0c0f95,Mat Clayton,2013-01-08 23:34:23+00:00,kill view tracing on speedtracing,False,2,1,1,0.0,0.0,0.0,745,506,526,32,1.864864864864865,85.37633853269274,6.052631578947368,6.842105263157895,25.63082813525613,0.8915413533834587,71.08257748658396,3.949032082587997,0.00854360937841871
53,480580fb405d168e9c75dc32ff7fe498b0aeac07,Theo Spears,2013-01-09 16:15:31+00:00,More transparent function wrapping,False,64,52,12,1.0,1.0,0.0,785,533,553,32,1.8705882352941177,84.03519680567322,6.631578947368421,7.631578947368421,29.160156784907265,0.9167805878332194,78.08136745926294,4.337853747736829,0.009720052261635753
54,bac505b117650b44125096db7b49be0bb52ac3ab,Theo Spears,2013-01-21 16:07:06+00:00,Fix linting errors,False,2,2,0,,,,787,533,553,34,1.8705882352941177,84.28719928128373,6.631578947368421,7.631578947368421,29.160156784907265,0.9167805878332194,78.08136745926294,4.337853747736829,0.009720052261635753
55,e263681cfd92c91daf87d5d7d18a61c16dc73156,Theo Spears,2013-02-06 18:23:15+00:00,Store untruncated time values,False,14,7,7,,,,787,533,553,34,1.8705882352941177,82.78581294412656,6.894736842105263,8.105263157894736,30.83579935065683,0.9606402369560264,82.60112638445091,4.588951465802829,0.010278599783552276
56,8983676ca2a7d3ee89849f86c86bc3e497e3a5a4,Theo Spears,2013-02-11 13:06:56+00:00,Methods to perform some stacktracer wrapping,False,40,38,2,1.0,1.0,0.4666666666666667,823,561,581,37,1.8620689655172413,82.62321088540753,6.894736842105263,8.105263157894736,30.83579935065683,0.9606402369560264,82.60112638445091,4.588951465802829,0.010278599783552276
57,0b06a493075043ee5e84337cb94cb620ee12bf37,Theo Spears,2013-02-11 13:13:37+00:00,Move memcache and redis to new tracing functions,False,42,13,29,0.0,0.0,1.0,807,546,566,37,1.8620689655172413,83.0280517342937,7.052631578947368,8.263157894736842,31.79359871045102,0.9882091592617909,87.76376114677016,4.875764508153898,0.010597866236817008
58,ef06817f25ea3de1df3e085507ef22065521b2e8,Theo Spears,2013-02-11 13:26:46+00:00,Use provided trace methods for requeststages,False,65,20,45,0.0,0.0,1.0,782,524,544,36,1.8604651162790697,83.20716759606883,7.052631578947368,8.263157894736842,31.79359871045102,0.9882091592617909,87.76376114677016,4.875764508153898,0.010597866236817008
59,0709a4968559e60094c750dc301464b9eacb7c67,Theo Spears,2013-02-11 15:14:53+00:00,Allow RequestTrace.instance() returning None,False,52,31,21,1.0,1.0,0.3,792,534,554,36,1.941860465116279,83.0539915531227,7.052631578947368,8.263157894736842,31.79359871045102,0.9882091592617909,87.76376114677016,4.875764508153898,0.010597866236817008
60,2e1a589d3a4cf2bbeb9bf373373d43558f00ff28,Theo Spears,2013-02-11 15:22:28+00:00,Don't create a RequestTrace when no request,False,10,3,7,0.0,0.0,0.0,788,532,552,35,1.930232558139535,83.23766620851602,6.7368421052631575,7.947368421052632,30.293084236539077,0.9355775803144224,83.81037759341743,4.656132088523191,0.010097694745513025
61,56f786065a223ff7035df7e8afe04edb765e9e7e,Theo Spears,2013-02-11 16:07:47+00:00,Linter cleanups,False,4,2,2,,,,788,532,552,35,1.930232558139535,83.23766620851602,6.7368421052631575,7.947368421052632,30.293084236539077,0.9355775803144224,83.81037759341743,4.656132088523191,0.010097694745513025
62,2cef0519282dbb66505ad8c00edd0a39d8523692,Theo Spears,2013-02-11 16:15:24+00:00,Don't blow up with missing request_trace,False,8,6,2,0.0,0.3333333333333333,0.6666666666666666,792,535,555,35,1.941860465116279,83.10001715907565,6.842105263157895,8.052631578947368,30.83657570345738,0.9637730690362268,86.15719402759213,4.786510779310674,0.010278858567819129
63,54873db27eebca20f815e0f7db38bc598e7ee259,Theo Spears,2013-02-11 17:34:41+00:00,Add haystack support to speedbar,False,58,58,0,0.3157894736842105,1.0,0.8157894736842105,850,581,600,35,2.022222222222222,81.5597174523703,6.85,8.1,30.558056633210434,0.9405844155844155,82.48098918367549,4.58227717687086,0.010186018877736812
64,2615862f6c042ac65e8cd8ab68f5e7e5b7282193,Theo Spears,2013-02-11 18:03:15+00:00,Monitor celery via monkey patching,False,51,23,28,0.0,0.0,0.36363636363636365,787,534,548,40,2.0120481927710845,82.60262658388923,7.105263157894737,8.368421052631579,31.863567208109124,0.9900888585099111,87.05905691376587,4.836614272986993,0.010621189069369706
65,e1c209bf694a43a8325a26d060aa9ee58a39a65c,Theo Spears,2013-02-11 18:07:15+00:00,Lint cleanup,False,5,2,3,,,,844,577,590,42,2.0919540229885056,81.36624849556569,7.1,8.4,31.53369856262958,0.9655844155844155,83.33775892554056,4.629875495863363,0.010511232854209861
66,64147942375698dafb680f3ae80528b5886e5ab7,Theo Spears,2013-02-11 18:19:18+00:00,args and kwargs are optional arguments,False,2,1,1,,,,844,577,590,42,2.0919540229885056,81.36624849556569,7.1,8.4,31.53369856262958,0.9655844155844155,83.33775892554056,4.629875495863363,0.010511232854209861
67,8ac8c53942785c7d8dd643773b64813e4c5648f1,Theo Spears,2013-04-23 17:27:39+00:00,Move all to speedbar subdir,False,0,0,0,,,,844,577,590,42,2.0919540229885056,81.36624849556569,7.1,8.4,31.53369856262958,0.9655844155844155,83.33775892554056,4.629875495863363,0.010511232854209861
68,674f2c623645038fc79bb4c68611a6df56bcecb8,Theo Spears,2013-04-23 18:00:19+00:00,Remove mixcloud deps,False,10,4,6,,,,842,575,588,42,2.0919540229885056,81.4359088680913,7.1,8.4,31.53369856262958,0.9655844155844155,83.33775892554056,4.629875495863363,0.010511232854209861
69,6cd17aa99588c0ce62c23c83eb440ca2e8704dd7,Theo Spears,2013-04-23 18:01:23+00:00,Remove all mixcloud prefixes,False,32,16,16,,,,842,575,588,42,2.0919540229885056,81.4359088680913,7.1,8.4,31.53369856262958,0.9655844155844155,83.33775892554056,4.629875495863363,0.010511232854209861
70,f25d567accde4267b86e8ef5e2fcb2a0f8660100,Theo Spears,2013-09-29 16:29:53+00:00,Add cassandra module,False,26,26,0,1.0,1.0,0.8,868,591,604,44,2.076923076923077,82.31991320770601,6.761904761904762,8.0,30.032093869171028,0.919604205318491,79.36929421480052,4.409405234155583,0.010010697956390344
71,586b38d25837f9a687a597466c9048868aeb5627,Theo Spears,2013-10-06 14:39:41+00:00,Add python package metadata,False,32,32,0,,,,900,596,632,45,2.076923076923077,83.12355351644665,6.454545454545454,7.636363636363637,28.666998693299618,0.8778040141676505,75.76159902321868,4.208977723512148,0.009555666231099874
72,25f23a5d6f04b6f3d66fea0ef4c8644fc7c98dd9,Theo Spears,2013-10-06 14:39:41+00:00,Move setup code from __init__ into models,False,54,27,27,,,,900,596,632,45,2.076923076923077,83.85731205920983,6.173913043478261,7.304347826086956,27.420607445764855,0.8396386222473179,72.46761645699178,4.025978692055098,0.009140202481921619
73,e7044a308375536826cc3f3318b449872dc43a82,Theo Spears,2013-10-06 14:39:41+00:00,Remove gargoyle dependency,False,9,2,7,,,,895,592,628,45,2.076923076923077,83.97692941720648,6.173913043478261,7.304347826086956,27.420607445764855,0.8396386222473179,72.46761645699178,4.025978692055098,0.009140202481921619
74,4d6096ba3463e61f8fbbeb437f4728b68ed08024,Theo Spears,2013-10-06 14:39:41+00:00,Make response headers optional,False,12,9,3,0.0,0.0,0.0,896,593,629,45,2.087912087912088,83.95601418452675,6.173913043478261,7.304347826086956,27.420607445764855,0.8396386222473179,72.46761645699178,4.025978692055098,0.009140202481921619
75,e6214b307bdaa28febf43756bdf5621880859276,Theo Spears,2013-10-06 15:25:02+00:00,"module init method returns the module object

This will allow for selective module loading",False,58,41,17,0.9285714285714286,1.0,1.0,920,606,642,45,2.0425531914893615,83.7734285718473,6.173913043478261,7.304347826086956,27.420607445764855,0.8396386222473179,72.46761645699178,4.025978692055098,0.009140202481921619
76,e0c490122ca70fbd654722f06227e21f7d80e696,Theo Spears,2013-10-06 15:25:02+00:00,Modules check their dependencies are available,False,47,39,8,0.8,0.0,1.0,951,633,669,45,2.095744680851064,82.13035180580893,6.826086956521739,7.956521739130435,29.928795650059655,0.9483342744212309,76.7303903632755,4.262799464626417,0.00997626521668655
77,3cf461c9370b1f652b3be2b2610de23cfd441705,Theo Spears,2013-10-06 15:25:02+00:00,Remove commented out celery code,False,8,1,7,,,,945,633,669,39,2.095744680851064,81.00786349333895,6.826086956521739,7.956521739130435,29.928795650059655,0.9483342744212309,76.7303903632755,4.262799464626417,0.00997626521668655
78,d3eaf9d406bbe3ff4e6211ba174e80e64314b8b1,Theo Spears,2013-10-06 15:25:02+00:00,Add requirements to setup file,False,4,4,0,,,,949,633,673,39,2.095744680851064,81.00786349333895,6.826086956521739,7.956521739130435,29.928795650059655,0.9483342744212309,76.7303903632755,4.262799464626417,0.00997626521668655
79,b83e6dd71929f6575f704296df5cfe1ee65c3513,Theo Spears,2013-10-06 21:13:36+00:00,Include blocks in the render chain,False,5,5,0,1.0,1.0,0.5,954,637,677,39,2.095744680851064,80.96260528608778,6.869565217391305,8.08695652173913,30.652662294671494,0.9564542263029976,81.71924451282572,4.539958028490318,0.010217554098223834
80,b01108d82549651f5b20846c04366fcba3b990c5,Theo Spears,2013-10-06 21:23:41+00:00,Fix setup.py to install sub-packages,False,4,2,2,,,,954,637,677,39,2.095744680851064,80.96260528608778,6.869565217391305,8.08695652173913,30.652662294671494,0.9564542263029976,81.71924451282572,4.539958028490318,0.010217554098223834
81,f21bc9a4a96037f3e9bb15677d960c1553b04c81,Theo Spears,2013-10-08 12:45:22+00:00,Include speedtracer url for non html requests,False,7,4,3,,,,955,637,677,39,2.095744680851064,80.96260528608778,6.869565217391305,8.08695652173913,30.652662294671494,0.9564542263029976,81.71924451282572,4.539958028490318,0.010217554098223834
82,52dd9afe8495665c38a1a68f0c209fd001fb77a3,Theo Spears,2013-10-15 22:39:24+00:00,Split template interceptors into their own module,False,54,30,24,0.0,0.0,0.0,961,638,679,41,2.095744680851064,81.10083242187285,6.625,7.75,27.993513346425974,0.9375,62.30566583705396,3.4614258798363307,0.009331171115475326
83,4797618dd0a04e95bab69ff4b234e508277abdf2,Theo Spears,2013-10-16 10:41:46+00:00,Include custom template tags in the render tree,False,56,54,2,1.0,1.0,0.8421052631578947,1013,661,701,59,2.0606060606060606,81.18541695239516,6.708333333333333,7.875,28.57069560735313,0.9361772486772487,62.89666319044218,3.4942590661356765,0.009523565202451045
84,ea618cf694cb160b510cc1c1f195e2f06a6819a0,Theo Spears,2013-10-16 10:41:46+00:00,Return timing data with 0.1ms precision,False,6,3,3,,,,1013,661,701,59,2.0606060606060606,81.18541695239516,6.708333333333333,7.875,28.57069560735313,0.9361772486772487,62.89666319044218,3.4942590661356765,0.009523565202451045
85,26ba72078d70c8b893f13b1b102d9e32104a0ea7,Theo Spears,2013-10-29 10:46:46+00:00,Add a url for just the details url,False,7,7,0,0.5,0.5,0.5,1020,665,706,59,2.05,81.08856816695673,6.708333333333333,7.875,28.57069560735313,0.9361772486772487,62.89666319044218,3.4942590661356765,0.009523565202451045
86,f4480ae5e0244604b7f9a53227bb13abfdb1688b,Theo Spears,2013-11-01 19:54:12+00:00,Remove speedbar_script template tag,False,10,0,10,0.6,0.6,0.6,1010,660,700,59,2.0606060606060606,81.13788865155233,6.625,7.75,27.903785350954674,0.9361772486772487,61.229387549446024,3.40163264163589,0.009301261783651557
87,cb860d88a7dd0e6765dd836845bb5acb7b37dba6,Theo Spears,2013-11-08 17:05:31+00:00,"Remove unnecessary set_dirty calls

Django does this anyway, and breaks in 1.6",False,2,0,2,0.0,0.0,1.0,1008,658,698,59,2.0606060606060606,81.1672556952899,6.625,7.75,27.903785350954674,0.9361772486772487,61.229387549446024,3.40163264163589,0.009301261783651557
88,494854cf3f5bf0b8672e350137edae8fb1d6b911,Theo Spears,2014-02-25 18:01:59+00:00,"Move intial setup into middleware file

This will get loaded earlier than models for WSGI workers. In particular
it will not be loaded between a request starting and finishing.",False,74,37,37,,,,1008,655,695,61,2.0606060606060606,81.31760587209165,6.625,7.75,27.903785350954674,0.9361772486772487,61.229387549446024,3.40163264163589,0.009301261783651557
89,a7a04fad3d7e012a3dbf952cd5e96bf8a9eb917c,Theo Spears,2014-03-12 17:53:12+00:00,"Avoid memory leak

Don't hold strong references to threads, as these can prevent threads
being garbage collected properly.",False,19,7,12,0.0,0.0,0.0,1003,650,690,61,2.0606060606060606,81.4844779190945,6.583333333333333,7.666666666666667,27.6335729746792,0.9361772486772487,60.95917517317054,3.3866208429539193,0.009211190991559733
90,0d26a4163fff1107c322eaa206b8221d73f38b20,Simeon Visser,2014-03-27 23:33:19+00:00,Use with statement to ensure file is closed afterwards,False,3,2,1,,,,1004,651,691,61,2.0606060606060606,81.4844779190945,6.583333333333333,7.666666666666667,27.6335729746792,0.9361772486772487,60.95917517317054,3.3866208429539193,0.009211190991559733
91,181305715d2f90f8f05599b3ab2cd97d2a3fa833,Simeon Visser,2014-04-14 22:40:03+00:00,Make response headers company-agnostic,False,2,1,1,,,,1004,651,691,61,2.0606060606060606,81.4844779190945,6.583333333333333,7.666666666666667,27.6335729746792,0.9361772486772487,60.95917517317054,3.3866208429539193,0.009211190991559733
92,9f665134865c09dfcfc96deca7a7cda2d446ccca,Theo Spears,2014-04-15 13:28:07+00:00,Bump package version to 0.1.1,False,6,3,3,,,,1004,651,691,61,2.0606060606060606,81.4844779190945,6.583333333333333,7.666666666666667,27.6335729746792,0.9361772486772487,60.95917517317054,3.3866208429539193,0.009211190991559733
93,1862ac89548a7f177787bf4da5c5b81ce716039c,Theo Spears,2014-04-17 16:06:04+00:00,Add signal for when metrics are collected,False,17,14,3,0.4,0.4,0.8,1015,658,698,62,2.0707070707070705,81.34040498607044,6.583333333333333,7.666666666666667,27.6335729746792,0.9361772486772487,60.95917517317054,3.3866208429539193,0.009211190991559733
94,c5f5b2769d947939fdd40f5fcdd1ad4c8517c652,Theo Spears,2014-04-17 16:26:16+00:00,"RequestTrace may not have request or response

This can happen if the middleware is not installed.",False,7,6,1,0.0,0.0,1.0,1020,658,703,62,2.0707070707070705,81.29244355549129,6.583333333333333,7.666666666666667,27.6335729746792,0.9361772486772487,60.95917517317054,3.3866208429539193,0.009211190991559733
95,482d7cd9e44a861269203fa636b42921b13ad4fa,Dominic Rodger,2014-04-18 18:37:06+00:00,django-speedbar works with Django 1.6,False,2,1,1,,,,1020,658,703,62,2.0707070707070705,81.29244355549129,6.583333333333333,7.666666666666667,27.6335729746792,0.9361772486772487,60.95917517317054,3.3866208429539193,0.009211190991559733
96,14973b82c8bba6d656ae3d74abe0c3b0e5c60b9b,Theo Spears,2014-04-25 10:46:58+00:00,Bump version to 0.1.2,False,2,1,1,,,,1020,658,703,62,2.0707070707070705,81.29244355549129,6.583333333333333,7.666666666666667,27.6335729746792,0.9361772486772487,60.95917517317054,3.3866208429539193,0.009211190991559733
97,f9eac3523d4ab72d3abbfa8ee57801466552f18a,Theo Spears,2014-05-27 08:12:48+00:00,"Use more portable function to get hostname

This addresses #11",False,6,3,3,,,,1020,657,702,62,2.0707070707070705,81.29244355549129,6.583333333333333,7.666666666666667,27.6335729746792,0.9361772486772487,60.95917517317054,3.3866208429539193,0.009211190991559733
98,5131c05c53242a3a89e6ae2aefdab92581185878,Mat Clayton,2014-07-01 15:57:53+00:00,fix for 1.7,False,3,2,1,1.0,1.0,0.0,1021,658,703,62,2.0707070707070705,81.2516373507219,6.666666666666667,7.791666666666667,28.24675800163671,0.9648809523809524,63.552385724162896,3.5306880957868283,0.009415586000545569
99,487cdfbeaf2e170fcdcddee02ae78bfe6dab85ec,Mat Clayton,2014-07-02 14:06:19+00:00,Update views.py,False,2,1,1,,,,1021,658,703,62,2.0707070707070705,81.2516373507219,6.666666666666667,7.791666666666667,28.24675800163671,0.9648809523809524,63.552385724162896,3.5306880957868283,0.009415586000545569
100,e07a615294ea84593858832dc29cb5325433e5d8,Theo Spears,2014-07-18 14:18:25+00:00,"Switch to using ObjectWrapper

Avoid having our own implementation of ignoring special properties.",False,44,15,29,0.0,0.0,1.0,1007,647,692,62,2.03125,81.73028826195822,6.291666666666667,7.291666666666667,25.971723833815343,0.9440476190476191,60.98711054448062,3.388172808026701,0.008657241277938448
101,2260f9d55109a6a476533ac7cd0e7dfd9df46b60,Theo Spears,2014-07-18 14:18:25+00:00,"Provide custom __get__ rather than proxying

Otherwise we risk our wrapper not being called, and instead the proxied
version being called directly. This caused issues when a method was
wrapped twice.",False,7,7,0,1.0,1.0,0.0,1014,652,696,62,2.0309278350515463,81.63916518965577,6.416666666666667,7.416666666666667,26.516241810093504,0.9648809523809524,61.82186953261971,3.4345483073677614,0.008838747270031167
102,2559cd0cb9bda382854f1197f735ce3c46d23bd0,Theo Spears,2014-10-05 20:59:59+00:00,"Allow overriding methods to enable and disable features

This makes it possible for users to enable and disable speedbar response features on a per request basis",False,29,24,5,1.0,1.0,1.0,1033,659,702,62,2.01,81.55339896556661,6.541666666666667,7.583333333333333,27.433621731670343,0.9648809523809524,64.11531933656178,3.561962185364544,0.009144540577223446
103,405d59f7c3c371b6c82766b3f586effa9a0281a5,Mat Clayton,2015-04-27 10:47:49+00:00,django 1.8 support,False,18,14,4,,,,1043,665,708,64,2.01,81.64439106505192,6.541666666666667,7.583333333333333,27.433621731670343,0.9648809523809524,64.11531933656178,3.561962185364544,0.009144540577223446
104,da6ee570dbea47e10da3e4126580f2b07877deb2,Mat Clayton,2015-04-27 11:20:48+00:00,Update sql.py,False,2,1,1,,,,1043,665,708,64,2.01,81.64439106505192,6.541666666666667,7.583333333333333,27.433621731670343,0.9648809523809524,64.11531933656178,3.561962185364544,0.009144540577223446
105,0634b2bf061f7959f024bbf613feb9b3bbb90e11,Mat Clayton,2015-04-28 06:43:10+00:00,Update setup.py,False,2,1,1,,,,1043,665,708,64,2.01,81.64439106505192,6.541666666666667,7.583333333333333,27.433621731670343,0.9648809523809524,64.11531933656178,3.561962185364544,0.009144540577223446
106,d30397e5b597aad4590981f9ac741f9f0bb87300,Mat Clayton,2016-01-21 00:56:00+00:00,start of 1.9 support,False,14,10,4,,,,1049,668,711,65,2.01,81.64439106505192,6.541666666666667,7.583333333333333,27.433621731670343,0.9648809523809524,64.11531933656178,3.561962185364544,0.009144540577223446
107,a5c94035c74d6c1a153b22287dcc28d92e486b68,Mat Clayton,2016-01-22 14:08:14+00:00,Update setup.py,False,2,1,1,,,,1049,668,711,65,2.01,81.64439106505192,6.541666666666667,7.583333333333333,27.433621731670343,0.9648809523809524,64.11531933656178,3.561962185364544,0.009144540577223446
108,3c509f21a20397296debf627153bb4c33ae0b71f,Mat Clayton,2016-01-23 17:55:05+00:00,update gitignore and add test structure,False,164,150,14,0.43137254901960786,1.0,1.0,1122,711,770,65,2.0285714285714285,82.50422467715647,5.925925925925926,6.851851851851852,24.5615484837871,0.8761904761904762,57.07944843809499,3.171080468783055,0.008187182827929032
109,159e6a97e65f5aa0e8bc754d9ed101553d61c1d2,Mat Clayton,2016-01-23 19:32:30+00:00,tidy up setup.py and test system,False,79,40,39,0.0,0.0,0.0,1125,701,771,66,1.9807692307692308,83.12907379582946,5.714285714285714,6.607142857142857,23.684350323651845,0.8448979591836735,55.040896708163025,3.057827594897946,0.00789478344121728
110,a200710524204e2ca77247381286838968dd7173,Mat Clayton,2016-01-24 12:16:57+00:00,Update setup.py,False,2,0,2,,,,1123,701,769,66,1.9807692307692308,83.12907379582946,5.714285714285714,6.607142857142857,23.684350323651845,0.8448979591836735,55.040896708163025,3.057827594897946,0.00789478344121728
111,b95aadc9cf01632f412562bd54c0d191f26d1597,Mat Clayton,2016-01-26 11:08:19+00:00,"fix up escaping of simple_tag, to work on django 1.9",False,3,2,1,,,,1124,702,770,66,1.9807692307692308,83.12907379582946,5.607142857142857,6.5,23.514532912860293,0.8270408163265307,54.95598800276725,3.0531104445981803,0.007838177637620096
112,f0a41538622133ecbbc302ea250fa646922d4f05,Mat Clayton,2016-01-26 11:08:39+00:00,bump version,False,2,1,1,,,,1124,702,770,66,1.9807692307692308,83.12907379582946,5.607142857142857,6.5,23.514532912860293,0.8270408163265307,54.95598800276725,3.0531104445981803,0.007838177637620096
113,891b170bd134ff8dae61a1ab77a8a2e73a35ffdc,Mat Clayton,2016-09-16 22:38:10+00:00,add tox support,False,10,10,0,,,,1125,702,771,66,1.9807692307692308,83.12907379582946,5.607142857142857,6.5,23.514532912860293,0.8270408163265307,54.95598800276725,3.0531104445981803,0.007838177637620096
114,ada215f9e5275f2abecebab4f5083b1ee6c970fc,Mat Clayton,2016-09-16 22:43:03+00:00,"tidy up urls from old versions, and add tox",False,7,1,6,,,,1120,699,768,64,1.9807692307692308,83.12907379582946,5.607142857142857,6.5,23.514532912860293,0.8270408163265307,54.95598800276725,3.0531104445981803,0.007838177637620096
115,c58b495ac1541e59ace4f83751a8266d9e53b0f3,Mat Clayton,2017-01-14 17:07:32+00:00,"first attempt at django 1.10 support, just urls.py",False,34,22,12,0.0,1.0,1.0,1129,700,777,64,1.9807692307692308,83.12907379582946,5.607142857142857,6.5,23.514532912860293,0.8270408163265307,54.95598800276725,3.0531104445981803,0.007838177637620096
116,88484e7f8d51e6f1527003426a04cfdca2b042d6,Mat Clayton,2017-06-13 07:32:03+00:00,Create middleware.py,False,9,8,1,,,,1127,703,772,66,1.9807692307692308,83.1048283902222,5.607142857142857,6.5,23.514532912860293,0.8270408163265307,54.95598800276725,3.0531104445981803,0.007838177637620096
