ID,hash,author,date,commit_message,is_merge,lines_changed,insertions,deletions,dmm_unit_size,dmm_unit_complexity,dmm_unit_interfacing,radon_LOC,radon_LLOC,radon_SLOC,radon_comments,radon_avg_cc,radon_avg_MI,radon_avg_vocabulary,radon_avg_length,radon_avg_volume,radon_avg_difficulty,radon_avg_effort,radon_avg_time,radon_avg_bugs
0,dfc800b27e5b5b24519087e69766f20f1c16ade0,Benjamin Peterson,2010-11-20 21:52:32+00:00,import six,False,1358,1358,0,0.6899441340782123,0.840782122905028,0.8715083798882681,842,454,503,130,1.7586206896551724,48.565598281020755,31.25,54.25,328.8206844339545,2.4925548589341693,1680.622011916042,93.36788955089122,0.10960689481131818
1,a50f33aa0df376dbfef27bca99014f6b5e16df1c,Benjamin Peterson,2010-11-20 21:54:18+00:00,add __author__,False,2,1,1,,,,842,455,504,130,1.7586206896551724,48.550722749807264,31.25,54.25,328.8206844339545,2.4925548589341693,1680.622011916042,93.36788955089122,0.10960689481131818
2,5c30354397d3d73aeaad9b3629690e74a6f775a6,Benjamin Peterson,2010-11-21 17:10:32+00:00,don't depend on tkinter being present,False,11,8,3,1.0,1.0,1.0,847,460,509,130,1.793103448275862,48.40262827837766,31.75,55.0,334.9641737169545,2.487614913176711,1708.3761855007579,94.90978808337545,0.11165472457231818
3,fd8ff98b80fca7325c4465bd9dd90460179eb3c9,Benjamin Peterson,2010-11-23 23:49:40+00:00,add another MAXSIZE test,False,6,6,0,1.0,1.0,1.0,853,464,513,132,1.8103448275862069,49.03614438332512,31.75,55.0,334.9641737169545,2.487614913176711,1708.3761855007579,94.90978808337545,0.11165472457231818
4,1e1456b7c4aa0ac2df39bc1bfd4569ef36c06d0f,Benjamin Peterson,2010-11-25 01:17:26+00:00,expose api for adding things to six.moves,False,214,172,42,1.0,1.0,1.0,944,535,585,132,1.8507462686567164,46.86341171781595,37.25,66.75,426.70041934377105,2.708333333333333,2319.5551444317002,128.86417469065,0.14223347311459034
5,b92a22009ecbfedc133f0ff6b0c45997c82727b1,Benjamin Peterson,2010-11-27 00:31:43+00:00,rewrite docstring,False,2,1,1,,,,944,535,585,132,1.8507462686567164,46.86341171781595,37.25,66.75,426.70041934377105,2.708333333333333,2319.5551444317002,128.86417469065,0.14223347311459034
6,c7880bd8d76d1cae8596ff95bed310c6b74f94f6,Benjamin Peterson,2010-11-27 01:45:29+00:00,remove with statement for python 2.4,False,5,4,1,,,,947,538,588,132,1.8507462686567164,46.86341171781595,37.25,66.75,426.70041934377105,2.708333333333333,2319.5551444317002,128.86417469065,0.14223347311459034
7,a6f9061223a345e93b97a61a8ca83532481ee2cd,Benjamin Peterson,2011-02-16 00:51:57+00:00,"decode unicode literals in py2 properly, so escapes work (issue #2)",False,9,8,1,1.0,1.0,1.0,952,541,591,132,1.838235294117647,46.78423358093943,37.75,67.5,433.1308644180657,2.7034090909090907,2348.362546148441,130.4645858971356,0.14437695480602192
8,943e3b1ed08b75cd8eaea21944fadbfe343ba363,Benjamin Peterson,2011-03-15 15:39:16+00:00,bump version to 1.0,False,2,1,1,,,,952,541,591,132,1.838235294117647,46.78423358093943,37.75,67.5,433.1308644180657,2.7034090909090907,2348.362546148441,130.4645858971356,0.14437695480602192
9,e6d7806afb3a6c3f2bb91a8c43478e75f350611a,Benjamin Peterson,2011-03-15 15:50:13+00:00,add bugfix release to version number,False,2,1,1,,,,952,541,591,132,1.838235294117647,46.78423358093943,37.75,67.5,433.1308644180657,2.7034090909090907,2348.362546148441,130.4645858971356,0.14437695480602192
10,e95cae7fdaf4209ce6de38bd159b4ec1247425fa,Benjamin Peterson,2011-06-19 22:44:24+00:00,"add six.moves mappings for filter, map, and zip (fixes issue #3)

six.moves.(filter|map|zip) provides a lazy version of each function.

Part of the patch was contributed by Michael Salib.",False,31,30,1,1.0,1.0,1.0,971,553,604,132,1.8028169014084507,46.49065101529935,40.25,71.25,465.50536258892794,2.846113445378151,2752.601797159046,152.9223220643914,0.1551684541963093
11,90ef1df59b73e88d0b0bc63e73e0c014f696adf3,Benjamin Peterson,2011-08-16 21:54:13+00:00,avoid invoking the compiler,False,23,7,16,0.0,0.0,0.0,962,548,597,132,1.8142857142857143,46.56656607096727,40.25,71.25,465.50536258892794,2.846113445378151,2752.601797159046,152.9223220643914,0.1551684541963093
12,a3018567817abf3f9cd232c04143c4be00983899,Benjamin Peterson,2011-08-16 22:02:50+00:00,cleanup after module use,False,2,1,1,,,,962,549,598,132,1.8142857142857143,46.552331421069965,40.25,71.25,465.50536258892794,2.846113445378151,2752.601797159046,152.9223220643914,0.1551684541963093
13,8dbb62253e82e873f1997fd14185b51dcd674514,Benjamin Peterson,2011-08-16 22:24:22+00:00,handle the case when sizeof(long) != sizeof(Py_ssize_t),False,22,20,2,1.0,1.0,1.0,974,558,607,135,1.8055555555555556,46.86232207489492,42.5,75.0,490.9086673526539,3.207000542152345,3014.417570978376,167.467642832132,0.16363622245088463
14,bcb49f3d5ddc4922ce9df726836cc1689c64e244,Benjamin Peterson,2011-09-16 14:39:35+00:00,implement some accessors with attrgetter,False,23,5,18,0.0,0.0,0.0,961,551,604,135,1.8529411764705883,46.952395291512914,42.5,75.0,490.9086673526539,3.207000542152345,3014.417570978376,167.467642832132,0.16363622245088463
15,e9c41d235dc60ea07fa83d59c9df3c100661eaec,Benjamin Peterson,2011-09-16 14:56:16+00:00,add wrappers for iterating over keys/values/items of a dictionary,False,52,52,0,1.0,1.0,1.0,990,572,622,135,1.8194444444444444,46.54703351396546,43.75,77.0,508.1131140955024,3.195564516129032,3101.2100030301667,172.28944461278704,0.16937103803183415
16,6a2d89444c90ed9adfc6f0a31d9770eb5b3e56a8,Benjamin Peterson,2011-10-14 15:37:49+00:00,"add int2byte to convert an integer < 256 to a byte

Suggested by Eli Bendersky.",False,20,20,0,1.0,1.0,1.0,1002,581,631,136,1.7972972972972974,46.50212752933774,44.75,78.5,520.0213180123556,3.400669642857143,3253.4757181067707,180.74865100593172,0.17334043933745188
17,096d504d875f13bb25dd0168089cfb8b7d4f18c7,Benjamin Peterson,2011-11-21 20:20:16+00:00,use parametrize decorator instead of pytest_generate_tests,False,8,2,6,0.0,0.0,0.0,998,577,629,136,1.7808219178082192,46.61620302990106,44.25,77.75,513.4660491354489,3.404989919354839,3220.7582418560796,178.93101343644886,0.1711553497118163
18,97dbb457b111767c8a4a6f912afe390c3f552cc7,Benjamin Peterson,2011-11-23 05:27:43+00:00,bump version to 1.1.0,False,6,3,3,,,,998,577,629,136,1.7808219178082192,46.61620302990106,44.25,77.75,513.4660491354489,3.404989919354839,3220.7582418560796,178.93101343644886,0.1711553497118163
19,c0181c75d4f8a5b7011f656170d1008fa6c0328c,Benjamin Peterson,2011-12-02 22:51:32+00:00,2.4 gives ValueError here,False,1,1,0,1.0,1.0,1.0,999,579,630,136,1.7945205479452055,46.55308012358468,44.75,78.5,520.0213180123556,3.400669642857143,3253.4757181067707,180.74865100593172,0.17334043933745188
20,09b021d0985eb4944a1567f9f089f44291f9330e,Benjamin Peterson,2011-12-02 22:55:33+00:00,use module exists in 2.4,False,6,3,3,,,,999,579,630,136,1.7945205479452055,46.55308012358468,44.75,78.5,520.0213180123556,3.400669642857143,3253.4757181067707,180.74865100593172,0.17334043933745188
21,7634c7ade7917b4a345f42e899baaf5ed1e9d6d4,Benjamin Peterson,2011-12-02 23:03:41+00:00,no conditional expression in 2.4,False,5,4,1,1.0,1.0,1.0,1002,581,633,136,1.7945205479452055,46.53111271549254,44.75,78.5,520.0213180123556,3.400669642857143,3253.4757181067707,180.74865100593172,0.17334043933745188
22,b08e5307b3eaded1aef6c5856c6c12dc071ce2a7,Benjamin Peterson,2011-12-03 00:24:33+00:00,catch correct exception,False,2,1,1,,,,1002,581,633,136,1.7945205479452055,46.53111271549254,44.75,78.5,520.0213180123556,3.400669642857143,3253.4757181067707,180.74865100593172,0.17334043933745188
23,6e8ca88e158fb3d9c651d1085c617574a345a148,Benjamin Peterson,2012-02-04 18:11:59+00:00,add Iterator baseclass,False,33,33,0,1.0,1.0,1.0,1019,594,646,136,1.7763157894736843,46.263081953358665,45.75,80.0,533.1721778598323,3.3924278846153846,3319.159588001475,184.39775488897084,0.17772405928661078
24,c7904e4fb4e1109c8012c1dc20c095c7cba4ebb4,Benjamin Peterson,2012-02-04 18:14:42+00:00,use next() builtin where possible,False,15,10,5,,,,1021,597,649,136,1.7763157894736843,46.18749377306855,45.75,80.0,533.1721778598323,3.3924278846153846,3319.159588001475,184.39775488897084,0.17772405928661078
25,6d35af994a8f82db6dd95cb1a9082cd9dc995ea3,Benjamin Peterson,2012-02-05 17:42:33+00:00,alias advance_iterator to next,False,14,9,5,1.0,1.0,1.0,1022,598,650,136,1.7763157894736843,46.13282020576776,46.25,80.75,539.7674503786837,3.3884943181818183,3352.1226301544557,186.22903500858087,0.17992248345956127
26,80b149a7bffe71ceb9dd87499336cef513c23f5f,Benjamin Peterson,2012-03-22 20:12:02+00:00,add a move mapping for (raw_)input (fixes issue #10),False,3,3,0,,,,1023,598,651,136,1.7763157894736843,46.128889624367986,46.25,80.75,539.7674503786837,3.3884943181818183,3352.1226301544557,186.22903500858087,0.17992248345956127
27,e1dd9fbd1cfc31ded2bf8512cbcbb84200130dc5,Benjamin Peterson,2012-05-29 03:44:43+00:00,Jython size is always 32 bits (fixes #11),False,26,15,11,,,,1027,601,654,137,1.7763157894736843,46.125545941464594,47.0,83.0,554.0123540904875,3.430681818181818,3472.0896097194445,192.8938672066358,0.1846707846968292
28,bcdb35a4ccf86591ddff0a205ad3a38a29923f99,Benjamin Peterson,2012-07-16 20:30:13+00:00,give iterators not iterables on Python 3 (fixes #13),False,19,16,3,1.0,1.0,1.0,1028,602,655,137,1.7763157894736843,46.11611447189229,47.0,83.0,554.0123540904875,3.430681818181818,3472.0896097194445,192.8938672066358,0.1846707846968292
29,4906ef4b746e1028f55727342d7d266eebdf8c04,Benjamin Peterson,2012-08-28 19:39:55+00:00,bump version to 1.2.0,False,2,1,1,,,,1028,602,655,137,1.7763157894736843,46.11611447189229,47.0,83.0,554.0123540904875,3.430681818181818,3472.0896097194445,192.8938672066358,0.1846707846968292
30,0a7e4f433620baa234262787f85221fd95d38fc5,Benjamin Peterson,2012-09-05 23:44:38+00:00,check for java properly,False,2,1,1,,,,1028,602,655,137,1.7763157894736843,46.15251153173122,46.5,82.25,548.5251608124449,3.471590909090909,3450.8911868212454,191.71617704562473,0.182841720270815
31,5de46ac44925cb0082898f6729c8c50cabaf2d33,Benjamin Peterson,2012-11-06 20:32:35+00:00,set moves based on the name six is imported under (fixes #14),False,8,7,1,,,,1028,602,655,137,1.7763157894736843,46.11161308604218,47.25,83.0,554.7094158608736,3.6306818181818183,3571.5683277230946,198.42046265128303,0.18490313862029123
32,f204e6954681584107d288ce895b11c6a7bef5fc,Marc Abramowitz,2012-11-25 18:14:51+00:00,"Fix failing test, test_get_function_code, for pypy.",False,3,2,1,1.0,1.0,1.0,1029,603,656,137,1.7894736842105263,46.06130611969772,47.5,83.5,558.906928782959,3.6287593984962405,3593.462790985973,199.6368217214429,0.18630230959431965
33,afd229211e42de89099bde46689c07249219383b,Marc Abramowitz,2012-11-29 15:20:13+00:00,"Add email_mime_multipart, email_mime_text, email_mime_base to six.moves",False,3,3,0,,,,1032,603,659,137,1.7894736842105263,46.04900008885056,47.5,83.5,558.906928782959,3.6287593984962405,3593.462790985973,199.6368217214429,0.18630230959431965
34,c0e0b20b24c7b33308c0314a372970a433dc1899,Marc Abramowitz,2012-11-30 01:35:14+00:00,"Add license info top of six.py, making it easier for projects that
incorporate six.py to give proper attribution.",False,19,19,0,,,,1051,603,659,155,1.7894736842105263,47.94152286697661,47.5,83.5,558.906928782959,3.6287593984962405,3593.462790985973,199.6368217214429,0.18630230959431965
35,7b844babe0966dd2a60811d1592b657a60d5e0de,Benjamin Peterson,2013-01-10 03:35:09+00:00,rename python 2's exec_ arguments to avoid accidently calling with keywords (fixes #16),False,24,16,8,,,,1029,603,656,137,1.7894736842105263,46.06130611969772,47.5,83.5,558.906928782959,3.6287593984962405,3593.462790985973,199.6368217214429,0.18630230959431965
36,616b87ad06f3abbdb47a6aba8a68cee1f9e5fc78,Benjamin Peterson,2013-01-13 14:31:41+00:00,define callable to builtin callable when it's available on the latest py3 versions (fixes #17),False,13,10,3,,,,1055,606,662,155,1.7894736842105263,47.85889605411752,47.5,83.5,558.906928782959,3.6287593984962405,3593.462790985973,199.6368217214429,0.18630230959431965
37,c0a1dea1274b86702f91f6e8cbcc0131e00f9a58,Benjamin Peterson,2013-03-04 05:03:23+00:00,gracefully handle systems without tkinter (fixes #20),False,11,10,1,,0.0,,1062,612,668,155,1.8026315789473684,47.696126924849366,47.5,84.0,562.4868644513481,3.476679104477612,3344.9551547832443,185.83084193240248,0.1874956214837827
38,8e7d37876d9adf4d358719f71d17eb0faa09fa0d,Benjamin Peterson,2013-03-12 00:06:10+00:00,add six.iterlists,False,29,27,2,1.0,1.0,1.0,1077,626,681,155,1.7922077922077921,47.533505219545134,47.75,84.5,566.6951541612326,3.475,3364.6984205554845,186.92769003086025,0.18889838472041087
39,a706ebc6587bfc1608d93c15267704d539c95c8b,Benjamin Peterson,2013-03-12 00:21:32+00:00,"in dict iters, pass keyword args to underlying method",False,53,34,19,0.0,1.0,1.0,1087,636,691,155,1.7922077922077921,47.38197098884359,48.5,86.75,584.7536258992426,3.4945652173913047,3498.697724975116,194.3720958319509,0.19491787529974755
40,2fc12421a85374ec80814339cba3a63fc304bd4d,Benjamin Peterson,2013-03-17 04:04:47+00:00,helper methods for accessing function's closure and globals (fixes #21),False,34,34,0,1.0,1.0,1.0,1109,654,709,155,1.7721518987341771,47.097039787639446,49.5,88.25,598.1191555513745,3.487676056338028,3558.702951024632,197.70571950136846,0.19937305185045817
41,096acdf785630409121769d9af3d5b3737e22763,Benjamin Peterson,2013-03-17 04:09:59+00:00,update copyright years,False,4,2,2,,,,1109,654,709,155,1.7721518987341771,47.097039787639446,49.5,88.25,598.1191555513745,3.487676056338028,3558.702951024632,197.70571950136846,0.19937305185045817
42,0ce3e063b9b0bd50bcdd4d7037d4da1dba3fe97a,Benjamin Peterson,2013-03-18 20:20:22+00:00,bump version to 1.3.0,False,6,3,3,,,,1109,654,709,155,1.7721518987341771,47.097039787639446,49.5,88.25,598.1191555513745,3.487676056338028,3558.702951024632,197.70571950136846,0.19937305185045817
43,5aa0aee796b06f3801a9d2870f2d47b0d78f23db,Benjamin Peterson,2013-04-19 17:46:44+00:00,add six.moves.range alias (fixes #24),False,9,9,0,,,,1110,654,710,155,1.7721518987341771,47.090817140547486,49.5,88.25,598.1191555513745,3.487676056338028,3558.702951024632,197.70571950136846,0.19937305185045817
44,9c211fdd21b3bea13f89fe07eea2762b2d231c1b,Benjamin Peterson,2013-04-19 17:54:11+00:00,allow multiple base classes to be given to with_metaclass (fixes #23),False,19,14,5,0.0,1.0,1.0,1117,661,717,155,1.7721518987341771,46.92265408471037,49.75,89.0,604.1859849718082,3.493881118881119,3603.824433846774,200.21246854704296,0.20139532832393608
45,fa19aa7cd455b2d0f91d73c4ffe0ad1676bc5a04,Benjamin Peterson,2013-04-19 18:30:53+00:00,add create_bound_method,False,26,26,0,1.0,1.0,1.0,1133,673,729,155,1.7530864197530864,46.726278284459454,50.25,89.75,610.8996297031676,3.4905172413793104,3633.9606787797875,201.88670437665485,0.20363320990105588
46,b79951d4d2c8e6ce06674deb27efc343179f9347,Benjamin Peterson,2013-04-19 18:55:20+00:00,add iterbytes and indexbytes,False,31,31,0,1.0,1.0,1.0,1150,686,742,155,1.7294117647058824,46.41537402543592,51.75,92.0,631.1098082132033,3.4809602649006623,3724.7569291242835,206.93094050690465,0.2103699360710678
47,2c84a616ee435d7f71262f6c7a577d0b931b9302,Benjamin Peterson,2013-04-19 18:55:49+00:00,reflow header,False,23,12,11,,,,1151,686,742,156,1.7294117647058824,46.48650308319074,51.75,92.0,631.1098082132033,3.4809602649006623,3724.7569291242835,206.93094050690465,0.2103699360710678
48,0edce5b232310eab7f69424f8366777d18bf5d4e,Baptiste Mispelon,2013-05-03 16:05:35+00:00,Add itertools.zip_longest to six.moves.,False,189,100,89,1.0,1.0,1.0,1160,691,748,156,1.7209302325581395,46.354744222375885,52.75,93.5,644.6398099012811,3.475,3785.599561551747,210.31108675287481,0.21487993663376037
49,bfd87481df558611559a806df904102769e91c21,Benjamin Peterson,2013-05-19 21:20:55+00:00,unconditionally delete helper class,False,2,1,1,,,,1151,686,742,156,1.7294117647058824,46.48650308319074,51.75,92.0,631.1098082132033,3.4809602649006623,3724.7569291242835,206.93094050690465,0.2103699360710678
50,023bffc477711dc659a4195f02b2087989e3d3ff,Benjamin Peterson,2013-06-03 05:14:22+00:00,add six.PY2,False,9,8,1,,,,1152,687,743,156,1.7294117647058824,46.43681906887582,52.25,92.75,636.6245685919428,3.4404197243601216,3748.833455081254,208.2685252822919,0.2122081895306476
51,fd2d224e3f99ddd65859f11583380746bffd20fa,Benjamin Peterson,2013-06-03 05:19:26+00:00,add byte2int (fixes #26),False,17,17,0,1.0,1.0,1.0,1161,694,750,156,1.7126436781609196,46.275101014033694,53.0,94.25,649.5236649773494,3.4432256932256933,3824.693510175259,212.48297278751437,0.2165078883257832
52,8a99d7fb73f30f8cfe07ff93f66fe13010a826dd,Benjamin Peterson,2013-06-03 05:29:56+00:00,add unichr (fixes #25),False,16,16,0,1.0,1.0,1.0,1168,699,755,156,1.7045454545454546,46.13601304083886,54.0,95.75,663.1000153004333,3.4373075607252823,3885.7221155811685,215.87345086562047,0.2210333384334778
53,c6aa3ae732a820ef49c474262a34afa15a6dbd0d,Jason R. Coombs,2013-06-21 00:37:34+00:00,Add 'patch_with_metaclass' which provides a more complete interface for supporting metaclass-based classes across Python versions.,False,33,33,0,1.0,1.0,1.0,1201,704,759,156,1.696629213483146,47.12962976133248,54.0,95.75,663.1000153004333,3.4373075607252823,3885.7221155811685,215.87345086562047,0.2210333384334778
54,342f516bda98cc9563f0dbda38f8ae21e1b558b1,Jason R. Coombs,2013-06-21 02:40:22+00:00,Add six.move for filterfalse,False,10,10,0,1.0,1.0,1.0,1168,698,755,156,1.7126436781609196,46.15880462177559,54.5,96.5,671.2048539300874,3.4722222222222223,3922.910465836646,217.93947032425808,0.22373495131002916
55,a87502d8a761243fe432be6da1235c11179149a7,Jason R. Coombs,2013-07-12 01:40:20+00:00,Add tests for patch_with_metaclass,False,28,27,1,0.041666666666666664,1.0,1.0,1227,728,783,156,1.6888888888888889,46.68234230677869,55.0,98.0,682.2830036949913,3.4455705705705704,4007.978223582678,222.66545686570433,0.22742766789833044
56,a5fb3e57fc7420ab8300d6ebe4a120adc099426f,Jason R. Coombs,2013-07-12 02:02:23+00:00,Expanded tests on patch_with_metaclass,False,16,16,0,1.0,1.0,1.0,1243,743,798,156,1.6813186813186813,46.40827735295909,57.0,100.75,707.8272325764394,3.585938749400288,4474.805111105623,248.60028395031236,0.23594241085881315
57,3ce2828f4d1729959c900b2e3acba549333a3a0e,Jason R. Coombs,2013-07-12 02:19:54+00:00,Capture failure in an instance of the X test class,False,2,2,0,0.0,1.0,1.0,1245,745,800,156,1.6813186813186813,46.394509651368296,57.0,100.75,707.8272325764394,3.585938749400288,4474.805111105623,248.60028395031236,0.23594241085881315
58,fd9f062d30c47c8ec6bd90d89ea01d550f6bea03,Jason R. Coombs,2013-07-12 02:25:10+00:00,Fix failing tests by removing __dict__ and __weakref__ (if present),False,2,2,0,1.0,1.0,1.0,1247,747,802,156,1.6813186813186813,46.36448368040328,57.0,100.75,707.8272325764394,3.585938749400288,4474.805111105623,248.60028395031236,0.23594241085881315
59,bd4d4349ba45c79fab3bb3bfa3ab37b25d6f91c8,Jason R. Coombs,2013-07-12 02:38:34+00:00,Expand patch_with_metaclass tests,False,13,8,5,0.0,1.0,1.0,1250,751,805,156,1.6813186813186813,46.212844652605156,58.0,103.0,727.2245139721219,3.5945750663958753,4612.139033458032,256.229946303224,0.24240817132404066
60,b204a9e7b82d1c4ec569a16db21369dbaa39285f,Jason R. Coombs,2013-08-22 01:48:56+00:00,Prefer double-quoted strings,False,14,7,7,,,,1250,751,805,156,1.6813186813186813,46.212844652605156,58.0,103.0,727.2245139721219,3.5945750663958753,4612.139033458032,256.229946303224,0.24240817132404066
61,f554c343bf2e22238a681864f9389b6d8fc7ebef,Jason R. Coombs,2013-08-22 01:49:30+00:00,Use X not in Y,False,2,1,1,,,,1250,751,805,156,1.6813186813186813,46.21920149507871,57.5,102.5,722.202311444713,3.444924575738529,4223.77116600947,234.6539536671928,0.24073410381490437
62,25f3032fe95617127b9cb5fcb2b66b109b62c5cc,Jason R. Coombs,2013-08-22 01:52:17+00:00,"Remove decorator syntax, restoring Python 2.4 compatibility in tests.",False,10,5,5,,,,1250,751,805,156,1.6813186813186813,46.21920149507871,57.5,102.5,722.202311444713,3.444924575738529,4223.77116600947,234.6539536671928,0.24073410381490437
63,367f7e60199a95e39a70be77a6a0a9bd502912cb,Jason R. Coombs,2013-08-22 01:54:38+00:00,Reference the __dict__ directly,False,2,1,1,,,,1250,751,805,156,1.6813186813186813,46.21920149507871,57.5,102.5,722.202311444713,3.444924575738529,4223.77116600947,234.6539536671928,0.24073410381490437
64,579b0ae8b850928f9d38e731aa1b661f151c513b,Jason R. Coombs,2013-08-22 01:57:17+00:00,A better name was definitely needed. 'add_metaclass' instead of 'patch_with_metaclass'. It's more direct and succinct.,False,20,10,10,,,,1250,751,805,156,1.6813186813186813,46.21920149507871,57.5,102.5,722.202311444713,3.444924575738529,4223.77116600947,234.6539536671928,0.24073410381490437
65,33fb2e287be493231c3e8811f374b985fad71ddf,Jason R. Coombs,2013-08-22 02:02:07+00:00,Combine the two tests into one and add a comment giving some indication as to why the additional behavior is included.,False,2,1,1,1.0,0.0,0.0,1250,750,804,157,1.6888888888888889,46.417265777152394,57.5,102.5,722.202311444713,3.444924575738529,4223.77116600947,234.6539536671928,0.24073410381490437
66,5b2670dace523e398976fb8faea90f61f0912621,Jason R. Coombs,2013-08-22 02:12:27+00:00,Added test and support for classes with __slots__.,False,17,17,0,0.14285714285714285,1.0,1.0,1267,764,818,158,1.711111111111111,46.36022428017729,58.0,103.25,729.103438931693,3.4422180801491145,4254.776269720289,236.37645942890495,0.24303447964389766
67,f9adf9c8d673f7115724a85a62cd84aa159eb1ae,Jason R. Coombs,2013-08-22 02:31:22+00:00,Added tests to ensure proper retention of __doc__ and __module__.,False,4,3,1,0.0,1.0,1.0,1269,766,819,158,1.711111111111111,46.26356252134241,59.0,104.75,742.9349476606136,3.4369875493470996,4316.948112005939,239.8304506669966,0.24764498255353787
68,3e2984ba0a1f4aa6ce7c3d5379e8d5af21f201b6,Benjamin Peterson,2013-08-22 03:40:13+00:00,use == instead of is for comparing strings,False,2,1,1,,,,1286,778,832,158,1.6956521739130435,45.95305311471644,61.75,109.25,784.0289495867136,3.4296975546975546,4520.027462476539,251.11263680425213,0.2613429831955712
69,5796ea141a5056b9955a0ecef07fb6ef559325cd,Benjamin Peterson,2013-08-22 03:40:52+00:00,use py.test.raises,False,7,1,6,1.0,0.0,0.0,1281,773,827,158,1.673913043478261,46.054387490079066,61.75,109.25,784.0289495867136,3.4296975546975546,4520.027462476539,251.11263680425213,0.2613429831955712
70,85ddd6790b6579190981787f270a6feb0dabfec9,Benjamin Peterson,2013-08-22 03:41:17+00:00,reformat comment,False,2,1,1,,,,1281,773,827,158,1.673913043478261,46.054387490079066,61.75,109.25,784.0289495867136,3.4296975546975546,4520.027462476539,251.11263680425213,0.2613429831955712
71,b69916e972b445e3226eaad5b872c12e4d6841e5,Benjamin Peterson,2013-08-22 03:47:00+00:00,fix class decorator emulation example,False,4,2,2,,,,1281,773,827,158,1.673913043478261,46.054387490079066,61.75,109.25,784.0289495867136,3.4296975546975546,4520.027462476539,251.11263680425213,0.2613429831955712
72,ee3001df4233ace91eba315c9f8f574f1db6aa5b,Benjamin Peterson,2013-08-22 03:50:09+00:00,truncate add_metaclass docstring; narrative docs will be in the main documentation,False,29,1,28,,,,1254,773,827,158,1.673913043478261,44.999003717334745,61.75,109.25,784.0289495867136,3.4296975546975546,4520.027462476539,251.11263680425213,0.2613429831955712
73,5b5c5e49205cf0d01868b3db66b23ee812242021,Benjamin Peterson,2013-08-29 21:36:15+00:00,move to alphabetical order,False,2,1,1,,,,1254,773,827,158,1.673913043478261,44.999003717334745,61.75,109.25,784.0289495867136,3.4296975546975546,4520.027462476539,251.11263680425213,0.2613429831955712
74,073369e978e6638d47ab33b41aa53dfa71cbbb51,Benjamin Peterson,2013-08-29 21:42:40+00:00,add UserString mapping (fixes #31),False,191,98,93,,,,1255,773,828,158,1.673913043478261,44.99338907400441,61.75,109.25,784.0289495867136,3.4296975546975546,4520.027462476539,251.11263680425213,0.2613429831955712
75,d8f9246b11e846d47f150e3c01853f64c2606533,Marc Abramowitz,2013-09-01 20:21:21+00:00,move mappings for urllib libraries (pull request #5),False,298,298,0,1.0,1.0,1.0,1430,841,952,158,1.6019417475728155,43.46580736399673,64.5,121.25,861.0751967200055,3.8139880952380953,5432.313289105107,301.79518272806155,0.2870250655733351
76,3ba60d714091d091ad889feb756c5903fd5ce797,Benjamin Peterson,2013-09-01 20:54:14+00:00,skip tests for things not in 2.4/2.5,False,8,8,0,1.0,0.5714285714285714,1.0,1438,849,960,158,1.6699029126213591,43.109730877901924,68.75,128.0,923.6548323073364,4.113357843137255,6634.252631658652,368.5695906477029,0.30788494410244543
77,241450761b21f849fd4c75dbf5fd48c7ae92a123,Benjamin Peterson,2013-09-01 21:03:35+00:00,version 1.4.0,False,6,3,3,,,,1438,849,960,158,1.6699029126213591,43.109730877901924,68.75,128.0,923.6548323073364,4.113357843137255,6634.252631658652,368.5695906477029,0.30788494410244543
78,29c512f4f8d497b49c76502c34d91221629eb751,Benjamin Peterson,2013-09-02 13:10:08+00:00,always use six's fully qualified module name when dumping things in sys.modules (fixes #32),False,33,19,14,,,,1438,849,960,158,1.6699029126213591,42.89380486057837,68.75,139.25,989.5571185025217,4.894607843137255,8085.018237483215,449.1676798601786,0.32985237283417385
79,aebb936706fe68894dcf7497f85aa7f20a7c6ab2,Benjamin Peterson,2013-09-02 13:11:08+00:00,make name of the moves fake module better,False,2,1,1,,,,1438,849,960,158,1.6699029126213591,42.88137569133744,68.75,140.0,993.9506042488673,4.946691176470589,8196.380897026005,455.35449427922254,0.33131686808295574
80,8b9b5e603627154c9d8899c0e260596331d17532,Benjamin Peterson,2013-09-02 13:11:18+00:00,six 1.4.1,False,2,1,1,,,,1438,849,960,158,1.6699029126213591,42.88137569133744,68.75,140.0,993.9506042488673,4.946691176470589,8196.380897026005,455.35449427922254,0.33131686808295574
81,0209ace928a5d8b08bad6be0d008ee0b7560a8e6,Marc Abramowitz,2013-09-07 17:19:05+00:00,"Put six.moves modules in sys.modules so that they're importable (fixes
#19)",False,6,5,1,1.0,0.0,1.0,1442,853,964,158,1.6796116504854368,42.73884172460619,69.75,142.25,1012.652133071994,4.863235294117647,8309.645068248796,461.6469482360442,0.337550711023998
82,15de053e57d54867357eb76b31785c1d84363adb,Benjamin Peterson,2013-09-08 16:44:56+00:00,print_: encode unicode with file encoding and errors on Python 2 (fixes #35),False,35,35,0,1.0,0.45454545454545453,1.0,1466,869,983,161,1.6634615384615385,42.814620893270046,72.5,145.0,1041.060165621925,5.238107287449393,9053.644563741807,502.9802535412115,0.3470200552073084
83,33bea6d0435ee7b464395464ad7e08b3a7d8966a,Benjamin Peterson,2013-09-08 16:48:25+00:00,use builtin print function when possible,False,19,7,12,0.0,1.0,0.0,1461,868,981,160,1.6634615384615385,42.74468177558761,72.0,144.75,1037.432488824871,4.980940934065934,8694.360130089575,483.0200072271987,0.3458108296082903
84,dc3213b0665f434218a1e61448ddd8c7f3e7ebde,Benjamin Peterson,2013-09-08 16:49:28+00:00,fix grammar,False,2,1,1,,,,1461,868,981,160,1.6634615384615385,42.74468177558761,72.0,144.75,1037.432488824871,4.980940934065934,8694.360130089575,483.0200072271987,0.3458108296082903
85,73fcd0997ae18f1a26984f65ced6147ba268658e,Benjamin Peterson,2013-09-15 13:54:35+00:00,update intersphinx links,False,4,2,2,,,,1461,868,981,160,1.6634615384615385,42.74468177558761,72.0,144.75,1037.432488824871,4.980940934065934,8694.360130089575,483.0200072271987,0.3458108296082903
86,a7f87bf4585972009a3ed24c2379d06cf74ca2e3,Benjamin Peterson,2013-10-06 20:34:15+00:00,add mapping for gdbm (fixes #40),False,5,5,0,,,,1462,868,982,160,1.6634615384615385,42.740856086140454,72.0,144.75,1037.432488824871,4.980940934065934,8694.360130089575,483.0200072271987,0.3458108296082903
87,cbf364e8f1dea8676dac874db9baa8962bcadb9e,Benjamin Peterson,2013-10-06 20:38:22+00:00,mapping for _thread module (fixes #39),False,5,5,0,,,,1463,868,983,160,1.6634615384615385,42.73704237870734,72.0,144.75,1037.432488824871,4.980940934065934,8694.360130089575,483.0200072271987,0.3458108296082903
88,cf2bc58847879f84824d8674a02447caa514af44,Benjamin Peterson,2013-10-14 14:08:41+00:00,import mapping for xmlrpclib (fixes #43),False,5,5,0,,,,1464,868,984,160,1.6634615384615385,42.73324059147731,72.0,144.75,1037.432488824871,4.980940934065934,8694.360130089575,483.0200072271987,0.3458108296082903
89,37bbf29d06469118a4747de9bfa643719b1fb1b8,alexanderlukanin13,2013-11-05 10:19:16+00:00,Added six.moves.urllib.request.proxy_bypass,False,1,1,0,,,,1465,868,985,160,1.6634615384615385,42.72945066307962,72.0,144.75,1037.432488824871,4.980940934065934,8694.360130089575,483.0200072271987,0.3458108296082903
90,f2af3efd9f67fc7e2e1053dbeb76739eab65f076,alexanderlukanin13,2013-11-07 06:37:58+00:00,moves import bug fixed,False,32,30,2,1.0,1.0,0.8235294117647058,1491,885,1001,162,1.6422018348623852,42.71156415420185,72.5,145.5,1044.1144278503143,4.917440318302387,8702.363526925456,483.4646403847476,0.3480381426167714
91,1001d5610de59bed0e5de9c91b7602e850cb09e0,alexanderlukanin13,2013-11-07 08:45:15+00:00,fixed six.u('\\\\') in Python 2,False,13,8,5,,,,1467,870,986,161,1.6634615384615385,42.77086515002074,72.25,144.75,1038.0552477841213,4.973096804511278,8675.31059211228,481.96169956179335,0.3460184159280404
92,8d46d87f6eeb52abde5ecf7746f4f6696aab47f1,alexanderlukanin13,2013-11-27 14:10:54+00:00,six.u 4-byte unicode escaping fixed ('\U00000439'),False,10,5,5,,,,1467,870,986,161,1.6634615384615385,42.77086515002074,72.25,144.75,1038.0552477841213,4.973096804511278,8675.31059211228,481.96169956179335,0.3460184159280404
93,dc2c5bc06fccc98de704695e35299be01969a830,Marc Abramowitz,2013-12-09 06:09:13+00:00,"Add tests for `from six.moves.queue import Queue` and `from
six.moves.configparser import ConfigParser`",False,10,10,0,1.0,1.0,1.0,1479,878,995,160,1.6603773584905661,42.54962162803223,73.0,147.0,1056.2132865057984,4.915923282783229,8823.105291231886,490.17251617954923,0.35207109550193283
94,8d7f9208af650d895d5fb08f400f614638ec66f4,Marc Abramowitz,2013-12-09 06:11:16+00:00,"Add MovedModule.__getattr__; makes `from six.moves.queue import Queue` and such
work.",False,4,4,0,1.0,1.0,1.0,1483,881,998,160,1.6542056074766356,42.48358827074931,73.0,147.0,1056.2132865057984,4.915923282783229,8823.105291231886,490.17251617954923,0.35207109550193283
95,0ea01acd7be5c4feb61e89e3f370a2a3a3a1b98d,Marc Abramowitz,2013-12-09 14:46:57+00:00,"Test that dir() returns attributes, despite lazy loading",False,6,6,0,1.0,0.8333333333333334,1.0,1471,874,991,160,1.6634615384615385,42.63559072325006,74.5,149.25,1078.8123908962814,4.981426114023591,8967.226755147429,498.17926417485717,0.3596041302987605
96,227d959a4e6216cebfdbc388729c2402cf3a910b,Marc Abramowitz,2013-12-09 14:47:25+00:00,"Make dir() return attributes, despite lazy loading",False,42,36,6,1.0,1.0,1.0,1501,891,1008,161,1.6759259259259258,42.36271017675142,75.0,150.0,1085.4943299217248,4.917925498260044,8975.230151983309,498.62389733240616,0.3618314433072416
97,8b9d8bc1a3fd22997719b4c77779c4233d54e8e4,Benjamin Peterson,2013-12-21 03:53:58+00:00,use replace instead regular expression,False,4,1,3,,,,1466,868,985,161,1.6634615384615385,42.78891651896399,72.25,144.75,1038.0552477841213,4.973096804511278,8675.31059211228,481.96169956179335,0.3460184159280404
98,ab32af40bcf930369e1e05d1cced9bd730e421b2,Benjamin Peterson,2013-12-21 04:11:40+00:00,adjust comment,False,2,1,1,,,,1466,868,985,161,1.6634615384615385,42.78891651896399,72.25,144.75,1038.0552477841213,4.973096804511278,8675.31059211228,481.96169956179335,0.3460184159280404
99,7779ea38a248b172fe6bf0b9e9b8ec2071a3fe96,Benjamin Peterson,2013-12-21 04:14:45+00:00,fix add_metaclass when __slots__ is a string (fixes #47),False,22,20,2,0.3333333333333333,1.0,1.0,1481,880,997,162,1.6634615384615385,42.76670730118117,73.0,146.25,1051.1980483749849,4.914922003284072,8741.32379701568,485.6290998342045,0.35039934945832824
100,212af15d1b0f30e76b7d4b64cbbcefb159f57565,Marc Abramowitz,2013-12-25 22:37:27+00:00,"test_six.py: Don't check dir on python < 2.6

because pythons < 2.6 did not have __dir__ method",False,15,10,5,1.0,0.0,1.0,1506,896,1013,161,1.7222222222222223,42.36271017675142,77.75,153.75,1121.8630853007803,5.054333030852995,9658.162328828963,536.5645738238313,0.3739543617669268
101,24eb4c6fb04dde027f13e02b4b07c5913b5e82cc,Marc Abramowitz,2013-12-25 22:38:49+00:00,Rename LazyModule to _LazyModule to reflect private nature,False,16,8,8,,,,1506,896,1013,161,1.7222222222222223,42.36271017675142,77.75,153.75,1121.8630853007803,5.054333030852995,9658.162328828963,536.5645738238313,0.3739543617669268
102,10238a1e11ce0b77e90b1927e0af982035f511da,Marc Abramowitz,2013-12-26 04:32:44+00:00,Don't fail test if gdbm is not available,False,11,11,0,1.0,0.0,1.0,1476,878,995,160,1.6826923076923077,42.63559072325006,72.75,146.0,1049.03533809727,4.977181364251862,8759.195443676468,486.6219690931372,0.34967844603242326
103,f15bec90ac5dbe1c425560c0bf7580699e9c2e8e,Marc Abramowitz,2013-12-26 17:10:36+00:00,"test_six.py: test_MAXSIZE allow ValueError or OverflowError

because the previous code was expecting ValueError on Python 2.4,
but I was getting OverflowError on Python 2.4.4 on OS X but ValueError on
Python 2.4.6 on Ubuntu.

So perhaps knowing which exception will be raised is not that straightforward,
so I made it check for either one.",False,8,3,5,0.0,0.0,0.0,1531,914,1033,163,1.7314814814814814,42.36263970919913,79.0,155.75,1140.2988065956415,4.9914772727272725,9739.746684712885,541.0970380396047,0.3800996021985471
104,288d09243181faab94ce1f946804b9d14ec338a0,Benjamin Peterson,2014-01-04 16:09:57+00:00,add mapping for ttk (fixes #49),False,14,11,3,0.0,0.0,1.0,1535,917,1037,163,1.75,42.359004914448875,79.75,157.25,1154.0580120343634,5.1506169527897,10371.970938547582,576.2206076970879,0.3846860040114545
105,0e8627cb543b889a36f73495c515173a293e5c16,Benjamin Peterson,2014-01-04 22:28:33+00:00,make urllib aliases the same lazy module and remove lazy descr changes,False,28,8,20,0.0,0.0,0.5,1550,923,1043,167,1.7297297297297298,42.5257905615035,79.75,153.5,1130.996460336221,4.921450286123033,9820.223314169521,545.5679618983067,0.3769988201120736
106,9a4907d60be60fa1fdccdf3b77f648e124817f3d,Benjamin Peterson,2014-01-04 22:35:37+00:00,rm extra space,False,1,0,1,,,,1549,923,1043,167,1.7297297297297298,42.5257905615035,79.75,153.5,1130.996460336221,4.921450286123033,9820.223314169521,545.5679618983067,0.3769988201120736
107,e2ff588a8c2d026c25d823ea4301a4b983b747b2,Benjamin Peterson,2014-01-04 22:36:10+00:00,update copyright year,False,4,2,2,,,,1549,923,1043,167,1.7297297297297298,42.5257905615035,79.75,153.5,1130.996460336221,4.921450286123033,9820.223314169521,545.5679618983067,0.3769988201120736
108,f69736bd2148793c4a9894f4e144b257024b60ca,Marc Abramowitz,2014-01-04 23:32:08+00:00,"MovedModule.__getattr__: Set attribute on the lazy module, so __getattr__ isn't
invoked multiple times.",False,4,3,1,1.0,1.0,1.0,1569,938,1058,167,1.719298245614035,42.354445652612995,80.75,155.75,1149.7119617381795,4.877976190476191,9969.734384595313,553.8741324775174,0.3832373205793932
109,3e982b5b0247c9c736881da0c01be885a6ebb100,Benjamin Peterson,2014-01-04 23:39:51+00:00,consolidate and rename tests,False,5,1,4,0.0,0.0,0.0,1566,937,1057,167,1.7256637168141593,42.354445652612995,80.75,155.75,1149.7119617381795,4.877976190476191,9969.734384595313,553.8741324775174,0.3832373205793932
110,e2e57eb79e76b33ece142719e35b641ff5d29078,Benjamin Peterson,2014-01-04 23:40:27+00:00,fix test on Python 3,False,4,2,2,,,,1566,937,1057,167,1.7256637168141593,42.354445652612995,80.75,155.75,1149.7119617381795,4.877976190476191,9969.734384595313,553.8741324775174,0.3832373205793932
111,5b59a78c4f9fe79c2f2705456ab96286b1dacd73,Benjamin Peterson,2014-01-05 00:29:44+00:00,we can use with statement now,False,8,3,5,,,,1564,935,1055,167,1.7256637168141593,42.354445652612995,80.75,155.75,1149.7119617381795,4.877976190476191,9969.734384595313,553.8741324775174,0.3832373205793932
112,0e3f3b281533e1b7f6bd7be8c323ea5c638dfbeb,Benjamin Peterson,2014-01-05 00:46:30+00:00,use setuptools' setup when possible,False,5,4,1,,,,1567,938,1058,167,1.7256637168141593,42.354445652612995,80.75,155.75,1149.7119617381795,4.877976190476191,9969.734384595313,553.8741324775174,0.3832373205793932
113,7ca0787a298d1413a3534d80edaafd15b9f3263e,Benjamin Peterson,2014-01-05 00:47:27+00:00,bump version to 1.5.0,False,6,3,3,,,,1567,938,1058,167,1.7256637168141593,42.354445652612995,80.75,155.75,1149.7119617381795,4.877976190476191,9969.734384595313,553.8741324775174,0.3832373205793932
114,2617fd3d6882f735f6291ed7e234d23050c04df7,Benjamin Peterson,2014-01-05 05:12:01+00:00,pretend __file__ doesn't exist if the module hasn't been loaded yet (fixes #51),False,12,12,0,1.0,1.0,1.0,1574,940,1060,172,1.7433628318584071,42.480650238847076,82.5,158.0,1170.3334603108842,4.997282608695652,10356.274235931,575.3485686628333,0.39011115343696134
115,2fbccedd9824f3b1f6329ecadaaeeb66eddc85f6,Benjamin Peterson,2014-01-05 05:13:09+00:00,bump version to 1.5.1,False,2,1,1,,,,1574,940,1060,172,1.7433628318584071,42.480650238847076,82.5,158.0,1170.3334603108842,4.997282608695652,10356.274235931,575.3485686628333,0.39011115343696134
116,196bfb900a966f983da9395241bd17874d11b4fa,Benjamin Peterson,2014-01-05 05:37:35+00:00,set license,False,1,1,0,,,,1575,940,1061,172,1.7433628318584071,42.480650238847076,82.5,158.0,1170.3334603108842,4.997282608695652,10356.274235931,575.3485686628333,0.39011115343696134
117,64e8414fac89052d395fa728c8227ef974d21e21,Benjamin Peterson,2014-01-05 16:21:23+00:00,correct version check (fixes #52),False,2,1,1,,,,1575,940,1061,172,1.7433628318584071,42.480650238847076,82.75,158.0,1170.9542572033183,4.989037927844588,10333.14841278487,574.0638007102707,0.3903180857344394
118,8c84f8409bbf1ec7e0c7171909344ccf87f6e789,Benjamin Peterson,2014-01-06 15:54:13+00:00,make six.moves modules appear not to have __name__ unless they are loaded (fixes #53),False,17,12,5,,,,1576,940,1061,173,1.7433628318584071,42.530366153463746,82.75,158.0,1170.9542572033183,4.989037927844588,10333.14841278487,574.0638007102707,0.3903180857344394
119,ef748404048ad98e512a9b6219af7e625253516a,Benjamin Peterson,2014-01-06 15:54:31+00:00,bump version to 1.5.2,False,2,1,1,,,,1576,940,1061,173,1.7433628318584071,42.530366153463746,82.75,158.0,1170.9542572033183,4.989037927844588,10333.14841278487,574.0638007102707,0.3903180857344394
120,2e1c7d2dc4f0513301be73cad5f45203285e3ede,Benjamin Peterson,2014-01-10 03:44:53+00:00,update doc copyright years,False,2,1,1,,,,1576,940,1061,173,1.7433628318584071,42.530366153463746,82.75,158.0,1170.9542572033183,4.989037927844588,10333.14841278487,574.0638007102707,0.3903180857344394
121,40d15525dd7fc16b4cbb81148b06c76977297a13,Benjamin Peterson,2014-01-19 04:01:45+00:00,add mapping for xmlrpc.server (fixes #55),False,4,4,0,,,,1577,940,1062,173,1.7433628318584071,42.526518216713114,82.75,158.0,1170.9542572033183,4.989037927844588,10333.14841278487,574.0638007102707,0.3903180857344394
122,745f71e8cb94a5fef9a54dacbf62c6128ce369cb,julien,2014-02-06 16:26:17+00:00,Add SplitResult support,False,4,4,0,,,,1578,940,1063,173,1.7433628318584071,42.522681204879504,82.75,158.0,1170.9542572033183,4.989037927844588,10333.14841278487,574.0638007102707,0.3903180857344394
123,447be42582ea31db332bcfb1b5170d1f251bdd54,Benjamin Peterson,2014-02-15 18:29:39+00:00,make fake modules pretend not to have __path__ (fixes #56),False,11,8,3,1.0,1.0,1.0,1580,940,1064,174,1.7433628318584071,42.567529842214086,82.75,158.0,1170.9542572033183,4.989037927844588,10333.14841278487,574.0638007102707,0.3903180857344394
124,205f766f4288314067bd3fed70a507b842856785,Marc Abramowitz,2014-02-22 07:31:11+00:00,Add six.moves.urllib.parse.splitquery,False,2,2,0,,,,1581,940,1065,174,1.7433628318584071,42.5636820982335,82.75,158.0,1170.9542572033183,4.989037927844588,10333.14841278487,574.0638007102707,0.3903180857344394
125,b2d315c49f08af7c917501c8a8a18108e604f4dd,Benjamin Peterson,2014-03-14 03:06:32+00:00,"just pretend attributes of unimportable lazy modules don't exist

Suggested by Diana Clarke.",False,35,21,14,1.0,1.0,1.0,1586,943,1068,176,1.761061946902655,42.593180969700754,82.75,158.0,1170.9542572033183,4.989037927844588,10333.14841278487,574.0638007102707,0.3903180857344394
126,ab9c743f5a2cb31efce2a701e46f35f7c1cf03b9,Benjamin Peterson,2014-03-14 03:07:05+00:00,bump version to 1.6.0,False,6,3,3,,,,1586,943,1068,176,1.761061946902655,42.593180969700754,82.75,158.0,1170.9542572033183,4.989037927844588,10333.14841278487,574.0638007102707,0.3903180857344394
127,911ac1a49e417e0bcb0a71df583d92dd4f894db6,Benjamin Peterson,2014-03-14 03:37:55+00:00,"raise an AttributeError for six.moves.X when X is a module not available in the current interpreter

As discussed in https://github.com/pypa/pip/issues/1643.",False,15,13,2,0.75,0.75,0.25,1591,947,1072,177,1.7876106194690264,42.55888245110519,83.75,159.5,1184.7386551022123,4.946053960896179,10403.863055644593,577.9923919802552,0.39491288503407074
128,1c485dae8839c2ad4e2b7545b87d54402e0ff99a,Benjamin Peterson,2014-03-14 03:38:05+00:00,six 1.6.1,False,2,1,1,,,,1591,947,1072,177,1.7876106194690264,42.55888245110519,83.75,159.5,1184.7386551022123,4.946053960896179,10403.863055644593,577.9923919802552,0.39491288503407074
129,de1f05da84175a19ca999bec05d33b0c7039e5a2,Anselm Kruis,2014-03-14 22:17:35+00:00,"Fix issue #63: Use the PEP302 meta path hook to import six.moves.

Now six imports the synthetic package six.moves and its submodules on demand.
This avoids problems with code, that scans the content of sys.modules.",False,133,98,35,1.0,1.0,0.84,1654,989,1116,179,1.7295081967213115,42.56218291492519,83.25,147.5,1106.8394021446727,4.11418776371308,8663.43599835499,481.3019999086106,0.36894646738155756
130,3743d490c0ace56ac5936ef6770071ce6100a598,Erik Rose,2014-03-19 05:44:06+00:00,Select the implementations of dictionary iterator routines at import time for a 20% speed boost.,False,51,28,23,1.0,1.0,1.0,1595,949,1078,177,1.7606837606837606,42.489226143600774,83.75,159.5,1184.7386551022123,4.946053960896179,10403.863055644593,577.9923919802552,0.39491288503407074
131,c54463fda100b44c58f1d1aa05d60dfc3425e8fb,Erik Rose,2014-03-19 06:10:30+00:00,Stop referencing deleted private attrs in test_dictionary_iterators.,False,15,12,3,0.8,1.0,1.0,1604,954,1082,177,1.7606837606837606,42.489226143600774,84.0,158.75,1179.3776790679606,4.924303171973015,10288.684332051991,571.5935740028884,0.39312589302265355
132,a2a4666762aeaf6eecf865ed6a039eebda1a85ed,Benjamin Peterson,2014-03-19 15:13:22+00:00,use _add_doc,False,10,6,4,,,,1606,954,1084,177,1.7606837606837606,42.481636988381936,84.0,158.75,1179.3776790679606,4.924303171973015,10288.684332051991,571.5935740028884,0.39312589302265355
133,d0232cb80f097d3a66535e6ba31debafb8138484,Joshua Harlow,2014-04-14 04:07:04+00:00,"Add a wraps helper

To smooth over the functools wraps difference in
python2.x and python3.x add a helper that adds on
the __wrapped__ attribute for python2.x (and does
nothing in python3.2+).

Resolves issue #65",False,10,10,0,1.0,1.0,1.0,1616,964,1094,177,1.7542372881355932,42.32963521289513,84.75,159.5,1186.8482881176174,5.1241150569816964,10644.824300857172,591.3791278253984,0.3956160960392058
134,d66066f7ba34691cbd5faf550344dc4d90b2b905,Peter Ruibal,2014-04-16 22:52:26+00:00,"Add moves for UserDict and UserList

See https://docs.python.org/2/library/userdict.html#module-UserDict for details",False,6,6,0,,,,1608,954,1086,177,1.7606837606837606,42.4740888502638,84.0,158.75,1179.3776790679606,4.924303171973015,10288.684332051991,571.5935740028884,0.39312589302265355
135,3bb2301687f308ec138ab8ee53b6a8ad09dd7e5c,synotna,2014-04-19 14:36:07+00:00,added moves.dummy_thread/_dummy_thread,False,1,1,0,,,,1609,954,1087,177,1.7606837606837606,42.47033004972708,84.0,158.75,1179.3776790679606,4.924303171973015,10288.684332051991,571.5935740028884,0.39312589302265355
136,e6247766585d022d86679ad5e18eb918420b6c05,Benjamin Peterson,2014-04-19 16:44:12+00:00,rearrange into alphabetical order,False,2,1,1,,,,1609,954,1087,177,1.7606837606837606,42.47033004972708,84.0,158.75,1179.3776790679606,4.924303171973015,10288.684332051991,571.5935740028884,0.39312589302265355
137,31592e361a4142841706d9a2905e190472dc5002,Ben Davis,2014-04-26 18:12:46+00:00,Fixed #66: Replace the implementation of `six.with_metaclass` with the Flask one.,False,16,15,1,1.0,1.0,0.5,1623,961,1094,183,1.7606837606837606,42.64068514010535,84.5,159.5,1185.9624126429867,4.88610135835156,10313.50027798647,572.972237665915,0.3953208042143289
138,308ce9921583f694640236d4a1e67e5c4da2c7b1,Ben Davis,2014-04-27 01:23:13+00:00,Test to ensure that with_metaclass() does not insert any intermediary bases,False,1,1,0,0.0,1.0,1.0,1624,962,1095,183,1.7606837606837606,42.64068514010535,85.0,160.25,1193.1690850331943,4.883768550228311,10360.424126912621,575.5791181618123,0.3977230283443981
139,0751ae0775c48a18623a7f2e4ce129b6f73eacc6,Joshua Harlow,2014-04-29 05:03:42+00:00,Adjust to behave like 3.4 behaves,False,2,1,1,,,,1616,964,1094,177,1.7542372881355932,42.32963521289513,84.75,159.5,1186.8482881176174,5.1241150569816964,10644.824300857172,591.3791278253984,0.3956160960392058
140,1451a4f3808a50bcc02898c64f4f1e1b73521bb6,Joshua Harlow,2014-04-29 05:18:44+00:00,Add a test for wraps,False,18,18,0,1.0,1.0,1.0,1634,980,1110,177,1.7478991596638656,42.32963521289513,85.5,160.75,1198.659674621561,5.1206303643494575,10722.825862658301,595.7125479254612,0.39955322487385364
141,2c5adf995ac73599e49828c2a695304932ba3047,Benjamin Peterson,2014-04-30 19:46:05+00:00,stdlib wraps is only not buggy on python 3.4+,False,8,4,4,,,,1652,988,1121,183,1.7478991596638656,42.48970035942904,86.5,162.25,1212.464733692436,5.07917695473251,10797.441432552845,599.857857364047,0.40415491123081204
142,1910297e89d7490f9cd137b17d4578be3c6094a0,Benjamin Peterson,2014-06-08 02:16:29+00:00,six 1.7.0,False,6,3,3,,,,1715,1030,1165,185,1.6953125,42.44903046158129,86.0,150.25,1133.5834211314616,4.23363641419197,8936.956676290409,496.49759312724495,0.3778611403771538
143,ac99013617a222318833bfb6dae1a4bed9c7fd8c,Benjamin Peterson,2014-06-09 03:52:33+00:00,remove other instances of the six meta path importer if six is reloaded (fixes #71),False,23,21,2,,,,1728,1035,1171,192,1.6953125,42.469299109291995,86.75,152.5,1150.1944042470382,4.26443669499225,9118.466918395645,506.5814954664247,0.38339813474901274
144,4e03a21f0e05b59ecdf9784010daabadd9051bc1,Benjamin Peterson,2014-06-09 03:52:45+00:00,six 1.7.1,False,2,1,1,,,,1728,1035,1171,192,1.6953125,42.469299109291995,86.75,152.5,1150.1944042470382,4.26443669499225,9118.466918395645,506.5814954664247,0.38339813474901274
145,ca9b4549533e5ee55aab95291a3e36ce47fe9f0a,Benjamin Peterson,2014-06-09 04:14:22+00:00,fix importing when sys.meta_path is empty (fixes #72),False,26,16,10,,,,1729,1036,1172,192,1.6953125,42.42654437813586,86.75,152.5,1150.1944042470382,4.26443669499225,9118.466918395645,506.5814954664247,0.38339813474901274
146,5139ff9aace528266b323d84daa37ea157988478,Benjamin Peterson,2014-06-09 04:14:36+00:00,six 1.7.2,False,2,1,1,,,,1729,1036,1172,192,1.6953125,42.42654437813586,86.75,152.5,1150.1944042470382,4.26443669499225,9118.466918395645,506.5814954664247,0.38339813474901274
147,6304e43f5554c64ed327d03cbabe9cd7bd2b5f65,Benjamin Peterson,2014-06-14 05:04:58+00:00,xmlrpc_server should map to SimpleXMLRPCServer on Python 2 (fixes #74),False,5,4,1,,,,1729,1036,1172,192,1.6953125,42.42654437813586,86.75,152.5,1150.1944042470382,4.26443669499225,9118.466918395645,506.5814954664247,0.38339813474901274
148,aa559b84a2ff7b9a6a635d6555e67f0880252628,Benjamin Peterson,2014-06-29 17:44:41+00:00,account for __spec__ possibly being None (fixes #77),False,6,3,3,,,,1727,1034,1170,192,1.6953125,42.42993721240542,87.0,153.25,1155.7644995125881,4.274176954732511,9179.572882444569,509.97627124692053,0.3852548331708627
149,d1387f97e3b1bfc312a4fd14818e4558ec295aea,Benjamin Peterson,2014-06-29 18:20:14+00:00,simplify with_metaclass implementation,False,15,4,11,0.0,0.0,0.5,1720,1030,1166,189,1.6953125,42.3929379263308,86.5,152.5,1149.4852754107224,4.293913796837773,9145.24291358652,508.06905075480665,0.3831617584702408
150,e48e5f59f2b052f0323730f9fc5f7e5e0bd87594,Benjamin Peterson,2014-06-29 19:23:20+00:00,six 1.7.3,False,6,3,3,,,,1720,1030,1166,189,1.6953125,42.3929379263308,86.5,152.5,1149.4852754107224,4.293913796837773,9145.24291358652,508.06905075480665,0.3831617584702408
151,690382127514311b86c99b0a1e8a40df7e0e6f43,Benjamin Peterson,2014-07-05 19:01:38+00:00,add splituser mapping (fixes #80),False,4,4,0,,,,1721,1030,1167,189,1.6953125,42.38931493471246,86.5,152.5,1149.4852754107224,4.293913796837773,9145.24291358652,508.06905075480665,0.3831617584702408
152,1d87556ce5a4d8ad55b851e6e374bd4816a26eba,Benjamin Peterson,2014-07-05 19:03:51+00:00,add splittag mapping (fixes #81),False,4,4,0,,,,1722,1030,1168,189,1.6953125,42.38569988708011,86.5,152.5,1149.4852754107224,4.293913796837773,9145.24291358652,508.06905075480665,0.3831617584702408
153,d0e4b73e2ed422bea47e07ed82616170a6cf89d1,Felix Yan,2014-07-15 06:56:27+00:00,Add email_mime_nonmultipart as MovedModule,False,3,3,0,,,,1723,1030,1169,189,1.6953125,42.38209275601238,86.5,152.5,1149.4852754107224,4.293913796837773,9145.24291358652,508.06905075480665,0.3831617584702408
154,45f9591d4f546bd2313c3c54104f863663a40ff1,Benjamin Peterson,2014-08-02 23:18:49+00:00,instantiate the exception if the value is None (fixes #86),False,13,13,0,0.2,0.0,0.8,1733,1040,1179,189,1.7109375,42.31332884712124,87.5,155.5,1175.0079180507134,4.298469387755102,9411.97271579438,522.8873730996878,0.3916693060169045
155,c758e030edc85a736e1afd06b2a61632a4835912,Benjamin Peterson,2014-08-02 23:25:34+00:00,accept assigned and updated parameters for wraps() (fixes #85),False,7,5,2,1.0,1.0,0.0,1734,1040,1180,189,1.7109375,42.3097453024191,87.5,155.5,1175.0079180507134,4.298469387755102,9411.97271579438,522.8873730996878,0.3916693060169045
156,72cc15e87ca8d54f0a5d37204994cc4fa9eac2ad,Benjamin Peterson,2014-08-16 21:32:35+00:00,use absolute imports (fixes #89),False,4,4,0,,,,1736,1041,1181,189,1.7109375,42.30061640720557,87.5,155.5,1175.0079180507134,4.298469387755102,9411.97271579438,522.8873730996878,0.3916693060169045
157,98db7f7696b9fbe9eb6ccd1c8fc8b4d880709c07,Benjamin Peterson,2014-08-18 04:26:58+00:00,fix add_metaclass when there is a __weakref__ or __dict__ slot (closes #88),False,11,9,2,0.0,1.0,1.0,1740,1045,1185,189,1.7109375,42.30061640720557,87.75,156.25,1181.6386235896387,4.303861788617886,9482.269062679317,526.7927257044065,0.3938795411965462
158,31488a2d4dd7b233741c7c7c27560b8a848cf344,Benjamin Peterson,2014-09-11 21:00:08+00:00,add a bunch of urlparse uses_* moves,False,12,12,0,,,,1745,1045,1190,189,1.7109375,42.28285391042796,87.75,156.25,1181.6386235896387,4.303861788617886,9482.269062679317,526.7927257044065,0.3938795411965462
159,a4a471e90d10454a9c5b94f1a1d8f96d5fe20a65,Benjamin Peterson,2014-09-11 21:28:15+00:00,moves mapping for intern (fixes #59),False,5,5,0,,,,1746,1045,1191,189,1.7109375,42.279324463017204,87.75,156.25,1181.6386235896387,4.303861788617886,9482.269062679317,526.7927257044065,0.3938795411965462
160,529d57ec4d3faace812d4f73a54e6b902a08138b,Benjamin Peterson,2014-09-11 21:33:26+00:00,add move for pipes.quote -> shlex.quote (fixes #90),False,5,5,0,,,,1747,1045,1192,189,1.7109375,42.27580263835269,87.75,156.25,1181.6386235896387,4.303861788617886,9482.269062679317,526.7927257044065,0.3938795411965462
161,571e0c02556c54a440fb12c3125b013b330eb572,Benjamin Peterson,2014-09-11 21:43:00+00:00,six 1.8.0,False,6,3,3,,,,1747,1045,1192,189,1.7109375,42.27580263835269,87.75,156.25,1181.6386235896387,4.303861788617886,9482.269062679317,526.7927257044065,0.3938795411965462
162,6fcb27ef82c673e17012e95a079fe77757db62ea,Thomas Grainger,2014-09-11 22:03:54+00:00,Add python_2_unicode_comaptible from Django,False,19,19,0,1.0,1.0,1.0,1766,1054,1201,189,1.7209302325581395,42.26994822975483,89.0,157.75,1194.9450181581915,4.451727642276423,9779.803301149163,543.322405619398,0.3983150060527305
163,d2fc48810fe28115385a04a1efd8f48dc4581e8e,Benjamin Peterson,2014-09-11 22:30:02+00:00,intersphinx now with https urls,False,4,2,2,,,,1747,1045,1192,189,1.7109375,42.27580263835269,87.75,156.25,1181.6386235896387,4.303861788617886,9482.269062679317,526.7927257044065,0.3938795411965462
164,5ddcb9e038680badbeef5a560311f16099b7e9ea,Thomas Grainger,2014-09-16 09:32:06+00:00,add tests for python_2_unicode_comapatible,False,23,22,1,1.0,1.0,1.0,1787,1069,1216,189,1.7307692307692308,42.26994822975483,91.5,161.5,1231.306931365792,4.439858041158537,10016.185598105676,556.4547554503154,0.4104356437885973
165,2ac60fc976fe04a390903ee0d612bda8d3431eca,Brett Cannon,2014-10-03 18:13:36+00:00,"Introduce viewkeys(), viewvalues(), and viewitems().

Closes issue #92",False,73,73,0,0.5135135135135135,1.0,1.0,1798,1084,1231,189,1.6888888888888889,42.13869745837751,90.25,160.0,1218.0005367972392,4.2919921875,9718.65135963583,539.925075535324,0.406000178932413
166,7e74eac48cab78c86ac377dac391e1506a889d92,Brett Cannon,2014-10-05 20:28:21+00:00,Address PR comments,False,58,25,33,1.0,0.0,0.0,1790,1076,1221,189,1.7131782945736433,42.22178204733321,89.75,159.25,1210.7141836908131,4.294291338582677,9671.26783477683,537.2926574876018,0.40357139456360436
167,e144927cb1ecbeaa8ad7b1fc060731c7b5484e87,Brett Cannon,2014-10-10 14:37:46+00:00,Drop kwargs tests for view*,False,17,2,15,0.0,0.0,0.46153846153846156,1777,1064,1210,189,1.7131782945736433,42.22178204733321,89.25,158.5,1203.4347720125895,4.296626984126984,9623.93731240894,534.6631840227188,0.4011449240041965
168,7d22271f5284709f73593ab9c89dfb8b9e888e95,Brett Cannon,2014-10-10 14:58:26+00:00,"It's skipIf, not skipif",False,4,2,2,,,,1777,1064,1210,189,1.7131782945736433,42.22178204733321,89.25,158.5,1203.4347720125895,4.296626984126984,9623.93731240894,534.6631840227188,0.4011449240041965
169,0004c7e4e2fd777073ad196415f973dbb0912da2,Joshua Harlow,2014-10-11 22:18:45+00:00,"Fix simulatenous delattr

When two or more threads enter the descriptor one of them
will delete the attribute and the others will not be able
to, we should handle that case more gracefully.",False,8,6,2,1.0,1.0,0.0,1781,1067,1213,190,1.7286821705426356,42.19174781557486,89.25,158.5,1203.4347720125895,4.296626984126984,9623.93731240894,534.6631840227188,0.4011449240041965
170,ebe2cd1761a7da32e3fb24fdc53b80914ab1d300,Benjamin Peterson,2014-10-12 18:33:17+00:00,"optimize iterbytes on Python 2 (fixes #97)

Suggested by Wouter Bolsterlee.",False,6,4,2,0.0,0.0,0.0,1781,1067,1213,190,1.7265625,42.225373546569,89.25,158.5,1203.4347720125895,4.296626984126984,9623.93731240894,534.6631840227188,0.4011449240041965
171,92f3fe9612c2ebf6ffdb7752dd8a26d1f6edc4b4,Mirko Rossini,2014-10-21 17:07:05+00:00,_winreg is added to the moves module under windows only,False,6,5,1,,,,1785,1069,1216,191,1.7265625,42.16782941312415,90.25,160.0,1216.0427124642533,4.260041618273325,9693.525004771827,538.5291669317683,0.40534757082141776
172,d7c4f2ed2847c1472c0e60f20e25db20e60dc7d7,Benjamin Peterson,2014-10-30 00:54:24+00:00,"add raise_from (fixes #102)

Patch from Robert Collins.",False,39,39,0,0.1111111111111111,1.0,1.0,1811,1088,1236,193,1.7461538461538462,42.12239141143631,92.75,163.0,1247.5137701712963,4.599439408396947,10685.597513075929,593.6443062819961,0.4158379233904321
173,8f481c478b9aac37a907eeb58b5e0804a7f4d1a0,Tim Graham,2014-11-25 23:22:19+00:00,Added unittest aliases.,False,88,88,0,1.0,1.0,0.8125,1866,1125,1273,193,1.713235294117647,42.01838670352123,92.75,163.0,1247.5137701712963,4.599439408396947,10685.597513075929,593.6443062819961,0.4158379233904321
174,d3a43ca86d02f954adf44c8e17f71b70340ac9f7,Joshua Harlow,2014-12-06 04:12:27+00:00,"Ensure wraps passes along the assigned + updated params

Fixes issue #105",False,4,3,1,1.0,1.0,1.0,1813,1088,1238,193,1.7461538461538462,42.11558413010172,92.75,163.0,1247.5137701712963,4.599439408396947,10685.597513075929,593.6443062819961,0.4158379233904321
175,c271ed5ec7772c37b4c32734641cce6f81dbf11a,Benjamin Peterson,2014-12-09 15:59:11+00:00,use positional arguments in call,False,4,1,3,0.0,0.0,0.0,1811,1088,1236,193,1.7461538461538462,42.12239141143631,92.75,163.0,1247.5137701712963,4.599439408396947,10685.597513075929,593.6443062819961,0.4158379233904321
176,e736388c393245b5895fb7478a1eac9a372aff66,Benjamin Peterson,2014-12-09 15:59:50+00:00,add test for issue #105,False,12,12,0,0.0,1.0,0.6923076923076923,1823,1102,1247,193,1.7461538461538462,42.12239141143631,94.25,165.25,1269.473420949617,4.592560634328358,10839.48437240547,602.1935762447483,0.42315780698320565
177,5f4063b7ce6844182dc666a626aca1708e329e35,Benjamin Peterson,2015-01-02 15:40:53+00:00,"assertRegex and assertRaisesRegex are 2.7+ only, too",False,2,2,0,,,,1920,1165,1310,193,1.7318840579710144,42.014052107782135,98.0,170.5,1319.5273407730394,4.727068345323741,11404.61729993046,633.5898499961366,0.43984244692434643
178,f5992ffa148226ea05fecd42bda0715e05bb5a8e,Benjamin Peterson,2015-01-02 16:20:40+00:00,support the flush parameter of print_ (fixes #106),False,26,24,2,0.5789473684210527,1.0,1.0,1939,1184,1329,193,1.7410071942446044,41.80360197619994,99.25,173.25,1341.930585369469,4.72887137504073,11623.883618420077,645.7713121344486,0.44731019512315634
179,d8243ee45c7b510c8dfb621cb39d4c03dcb430ae,Benjamin Peterson,2015-01-02 16:26:04+00:00,fix raise_from on py3.2,False,8,7,1,,,,1945,1186,1335,193,1.7410071942446044,41.72561172032901,99.75,174.0,1348.3216159963429,4.710752688172043,11665.426480204733,648.0792489002629,0.44944053866544753
180,2c743d234c30e88eda74990ecf4c17148afcf4ce,Benjamin Peterson,2015-01-02 16:31:42+00:00,update copyright year,False,6,3,3,,,,1945,1186,1335,193,1.7410071942446044,41.72561172032901,99.75,174.0,1348.3216159963429,4.710752688172043,11665.426480204733,648.0792489002629,0.44944053866544753
181,5efb522b0647f7467248273ec1b893d06b984a59,Benjamin Peterson,2015-01-02 16:34:20+00:00,six 1.9.0,False,6,3,3,,,,1945,1186,1335,193,1.7410071942446044,41.72561172032901,99.75,174.0,1348.3216159963429,4.710752688172043,11665.426480204733,648.0792489002629,0.44944053866544753
182,a41bf1f9e8f8d703181e8373d4ed4db24dd8fe93,Max Grender-Jones,2015-01-03 10:49:20+00:00,Fixes #108 (os.getcwd has been renamed in move from 2 to 3),False,2,2,0,,,,1947,1186,1337,193,1.7410071942446044,41.71915769032657,99.75,174.0,1348.3216159963429,4.710752688172043,11665.426480204733,648.0792489002629,0.44944053866544753
183,4291dc31b630beb036552389bd52d3405837af1f,Rick van Hattem,2015-01-13 08:57:22+00:00,added flake8 for pep8 and pyflakes support,False,112,92,20,,,,1864,1088,1274,193,1.7461538461538462,41.99775851738865,92.75,163.0,1247.5137701712963,4.599439408396947,10685.597513075929,593.6443062819961,0.4158379233904321
184,fedce174130d54a962df04dbb9d1dd54d0c7bf16,Rick van Hattem,2015-01-13 09:08:16+00:00,added flake8 for pep8 and pyflakes support,False,54,44,10,,,,1826,1088,1236,193,1.7461538461538462,42.12239141143631,92.75,163.0,1247.5137701712963,4.599439408396947,10685.597513075929,593.6443062819961,0.4158379233904321
185,8a63b2e2b95f071023d9fb5d54f7c8a35ece9a93,Berker Peksag,2015-01-21 14:56:00+00:00,Issue #112: six.moves.reload_module now uses importlib module on Python 3.4+.,False,10,8,2,,,,1946,1188,1336,193,1.7410071942446044,41.6626682441712,100.5,174.75,1355.4085660150163,4.874128292036778,11959.014265713437,664.3896814285242,0.45180285533833875
186,69bf037556cde9a1c0f0cf94bac9517a4af68a0f,Bart van Merrienboer,2015-01-21 17:34:52+00:00,Introduces a wrapper to create unbound methods.,False,13,13,0,1.0,1.0,1.0,1952,1192,1340,193,1.7304964539007093,41.62990793514543,100.5,174.75,1355.4085660150163,4.874128292036778,11959.014265713437,664.3896814285242,0.45180285533833875
187,c7909fab088b97ced9ea153e6b9d324c9e3a9c43,Bart van Merrienboer,2015-01-21 17:51:23+00:00,Added tests,False,14,14,0,1.0,1.0,1.0,1966,1203,1351,193,1.732394366197183,41.62990793514543,101.0,175.5,1362.778966311746,4.8720746944143585,12010.705812908347,667.2614340504638,0.4542596554372486
188,7c7e6c67f4180fb7bd44611d16566a5fb24dd48d,Benjamin Peterson,2015-01-22 15:06:10+00:00,"fix tests on Python 3.1 (fixes #113)

Patch by Arfrever Frehtes Taifersar Arahesis.",False,10,7,3,,,,1950,1192,1340,193,1.7410071942446044,41.58350734891696,100.75,175.5,1361.1491125586958,4.885304659498208,12036.65651903733,668.7031399465183,0.4537163708528985
189,ce6c3a55f40779e3dba6925f777e9d3cf456cd94,Benjamin Peterson,2015-02-10 01:00:51+00:00,unwrap some lines,False,59,10,49,,,,1965,1192,1340,193,1.7410071942446044,41.58350734891696,100.75,175.5,1361.1491125586958,4.885304659498208,12036.65651903733,668.7031399465183,0.4537163708528985
190,c6336d7d7795e54a2bc5617585d82f9d12bc9719,derekhiggins,2015-03-19 16:27:57+00:00,"Specify skipif condition as strings

Specifying all conditions as strings is more consistent and will allow tests to pass on pytest < 2.4.",False,2,1,1,,,,1965,1191,1340,193,1.7410071942446044,41.58350734891696,100.75,175.5,1361.1491125586958,4.885304659498208,12036.65651903733,668.7031399465183,0.4537163708528985
191,d6e14859d3cc52b76c75af29a919596a6852e009,Benjamin Peterson,2015-03-20 15:01:19+00:00,remove redundant iter() (fixes #121),False,8,4,4,,,,1965,1192,1340,193,1.7410071942446044,41.58350734891696,100.75,175.5,1361.1491125586958,4.885304659498208,12036.65651903733,668.7031399465183,0.4537163708528985
192,bfc3f2cddce2cf5aad86f8006d457701342f7e6e,Benjamin Peterson,2015-03-20 15:39:17+00:00,I don't think cygwin has winreg,False,5,3,2,,,,1992,1208,1360,194,1.732394366197183,41.49126224930352,102.25,177.75,1381.4063836531125,4.848332538430494,12178.731091409463,676.5961717449702,0.4604687945510375
193,8b96f32aa8d8acd501878ad00029deffc6fdd0bb,Benjamin Peterson,2015-03-21 14:16:35+00:00,improve performance of int2byte on python 3 (fixes #122),False,13,6,7,0.0,0.0,0.0,1989,1206,1358,193,1.7375886524822695,41.52597603853872,102.0,177.0,1375.6312713287061,4.8372581183274015,12101.087965590783,672.2826647550435,0.45854375710956874
194,c3ec058bf8c4d6329224eac53366c8e9ce511417,Benjamin Peterson,2015-10-07 03:13:10+00:00,bump version to 1.10.0,False,6,3,3,,,,1989,1206,1358,193,1.7375886524822695,41.52597603853872,102.0,177.0,1375.6312713287061,4.8372581183274015,12101.087965590783,672.2826647550435,0.45854375710956874
195,78833c7d06cc78585e03c97d49135615115bbe6e,Benjamin Peterson,2015-10-21 04:34:23+00:00,add License goop to all python files (fixes #137),False,44,42,2,,,,2029,1206,1358,231,1.7375886524822695,41.52597603853872,102.0,177.0,1375.6312713287061,4.8372581183274015,12101.087965590783,672.2826647550435,0.45854375710956874
196,12381bd661a1e9a3772f5acf54d3afe2f285a795,Kristjn Valur Jnsson,2016-01-15 13:31:20+00:00,Delete exception variables in frames that raise exceptions.,False,32,22,10,1.0,1.0,0.0,2041,1209,1370,231,1.7375886524822695,41.47381608450387,102.0,177.0,1375.6312713287061,4.8372581183274015,12101.087965590783,672.2826647550435,0.45854375710956874
197,cd3a8e98b8d1cbfc8117b95da55628eda534947b,Donald Stufft,2016-01-20 14:01:57+00:00,"It's 2016, unconditionally use setuptools",False,5,1,4,,,,2026,1203,1355,231,1.7375886524822695,41.52597603853872,102.0,177.0,1375.6312713287061,4.8372581183274015,12101.087965590783,672.2826647550435,0.45854375710956874
198,e891314082056d8baa8b1f21f29a401683a87797,Benjamin Peterson,2016-02-01 05:06:47+00:00,add 2016 to copyright years,False,10,5,5,,,,2026,1203,1355,231,1.7375886524822695,41.52597603853872,102.0,177.0,1375.6312713287061,4.8372581183274015,12101.087965590783,672.2826647550435,0.45854375710956874
199,c09b2dc63672723ece4dbbae74d69b9695cad30e,Anthony Sottile,2016-04-07 05:31:02+00:00,Add six.moves.email_mime_image,False,1,1,0,,,,2027,1203,1356,231,1.7375886524822695,41.52282071383419,102.0,177.0,1375.6312713287061,4.8372581183274015,12101.087965590783,672.2826647550435,0.45854375710956874
200,d071f66238c5b820f61c030684263b13a687d60e,Benjamin Peterson,2016-04-16 19:35:29+00:00,set tracebacks to None rather than deleting,False,9,5,4,1.0,1.0,0.0,2039,1207,1368,231,1.7375886524822695,41.465854597290885,102.0,177.0,1375.6312713287061,4.8372581183274015,12101.087965590783,672.2826647550435,0.45854375710956874
201,800613ce5df43d0cd23c111d419e6200b704cfef,Anthony Sottile,2016-04-18 18:13:36+00:00,Reorder six.moves.email*,False,4,2,2,,,,2027,1203,1356,231,1.7375886524822695,41.52282071383419,102.0,177.0,1375.6312713287061,4.8372581183274015,12101.087965590783,672.2826647550435,0.45854375710956874
202,712400b2be38364879d7e32b173952ced00a6a0e,Anthony Sottile,2016-07-27 14:58:20+00:00,Add splitvalue to urllib_parse,False,1,1,0,,,,2041,1207,1370,231,1.7375886524822695,41.45970591776499,102.0,177.0,1375.6312713287061,4.8372581183274015,12101.087965590783,672.2826647550435,0.45854375710956874
203,dbfbfc818e3d637919843eb37cbb44b8ff33e90d,Benjamin Peterson,2017-01-02 22:36:21+00:00,update copyright year,False,10,5,5,,,,2041,1207,1370,231,1.7375886524822695,41.45970591776499,102.0,177.0,1375.6312713287061,4.8372581183274015,12101.087965590783,672.2826647550435,0.45854375710956874
204,e05c7253043647e37bdbc13038bff06334fac8cb,Lucas Wiman,2017-03-01 05:37:12+00:00,Add moves for getoutput and getstatusoutput.,False,289,154,135,1.0,1.0,1.0,2056,1216,1381,231,1.7272727272727273,41.45358067282224,103.5,179.25,1397.7807200321001,4.831269054878049,12256.464996617173,680.9147220342874,0.4659269066773667
205,490148d2ea508d7cbeb0630a842f940c6825f49d,Thomas Bechtold,2017-03-01 07:11:00+00:00,"Add pytest as tests_require (#181)

When running the six testsuite, pytest is needed.",False,1,1,0,,,,2057,1216,1382,231,1.7272727272727273,41.45358067282224,103.5,179.25,1397.7807200321001,4.831269054878049,12256.464996617173,680.9147220342874,0.4659269066773667
206,2c3492a9f16d294cd5e6b43d6110c5a3a2e58b4c,Jason R. Coombs,2017-03-02 06:10:02+00:00,Add unquote_to_bytes to moved urllib.parse. Fixes #171. (#172),False,3,2,1,,,,2058,1216,1383,231,1.7272727272727273,41.45052679401231,103.5,179.25,1397.7807200321001,4.831269054878049,12256.464996617173,680.9147220342874,0.4659269066773667
207,3280aa8617b649a701705e4119a42ee18257eace,Todd Gamblin,2017-03-09 07:00:05+00:00,"Avoid dependency cycle by using distutils when setuptools isn't available (#184)

* Use distutils instead of setuptools to avoid dependency cycle.

* Change distutils requirement to fallback.",False,8,7,1,,,,2064,1219,1386,234,1.7272727272727273,41.45052679401231,103.5,179.25,1397.7807200321001,4.831269054878049,12256.464996617173,680.9147220342874,0.4659269066773667
208,c28fa79a7a4faff104d04e64e941ad7f4c2fa4bf,Sviatoslav Sydorenko,2017-08-27 03:45:36+00:00,"Improve Travis CI config (#205)

* Improve Travis CI config

- Add deployment of a package to PYPI for tagged commits running
  after all tests
- Introduce testing against PYPY
- Add pip packages caching
- Print list of installed packages in case of failure

* Switch to new officially supported PyPy install

* Test against unstable Python versions",False,58,49,9,,,,2064,1219,1386,234,1.7272727272727273,41.45052679401231,103.5,179.25,1397.7807200321001,4.831269054878049,12256.464996617173,680.9147220342874,0.4659269066773667
209,bb221f27b2860dc660f95f6689cd1ef1d4af70da,Benjamin Peterson,2017-08-27 20:22:26+00:00,"remove moves.getstatusoutput

Compatibility of Python getstatusoutput was broken in 3.3.4, so a simple
renaming indirection doesn't suffice. See #207.",False,12,1,11,0.0,0.0,0.0,2056,1214,1380,234,1.732394366197183,41.45358067282224,102.5,177.75,1383.008070744114,4.835233546819788,12152.830191901756,675.1572328834309,0.461002690248038
210,bdc84baaac0071c12cf09a83dbe7a9bbabe4b5cb,Jason R. Coombs,2017-09-16 19:03:17+00:00,Add parse_http_list and parse_keqv_list to moved urllib.request (#203),False,7,7,0,,,,2058,1214,1382,234,1.732394366197183,41.447478720818246,102.5,177.75,1383.008070744114,4.835233546819788,12152.830191901756,675.1572328834309,0.461002690248038
211,024fcbb9c6f18a79b1e65f7bb9233c49cdd7fe88,jdemeyer,2017-09-17 18:08:11+00:00,"Temporary metaclass should not inherit from ""meta"" (#191)",False,2,1,1,,,,2058,1214,1382,234,1.732394366197183,41.447478720818246,102.5,177.75,1383.008070744114,4.835233546819788,12152.830191901756,675.1572328834309,0.461002690248038
212,96b93280fc4c70d65be0af5949f80f46f5c679ca,Jordan Moldow,2017-09-17 18:13:15+00:00,"Define __prepare__() in with_metaclass() (#178)

Define `__prepare__()` in `with_metaclass()`'s temporary
metaclass, and make sure that it passes the correct bases to the
real metaclass's `__prepare__()`.

The temporary metaclass previously didn't extend the
`__prepare__()` method, which meant that if the real metaclass
had a `__prepare__()`, it wouldn't get called correctly. This
could lead to bugs in Python 3 code.

The temporary metaclass's `__prepare__()` gets called with
```bases=(temporary_class,)```.  Since there was no proxy in the
middle, that was getting passed directly to the real metaclass's
`__prepare__()`. But then, if the real class's `__prepare__()`
method depended on the bases, the logic would be incorrect.

This was a problem in projects that use `enum` / `enum34` and
try to use `with_metaclass(EnumMeta)`. `enum34.EnumMeta` doesn't
define `__prepare__()`, since it is a Python 2 backport. Python
3's `enum.EnumMeta` does define `__prepare__()`, but originally
didn't depend at all on the bases. But starting in Python 3.6,
`enum.EnumMeta.__prepare__()` will raise `TypeError` if the
bases aren't valid for an enum subclass. Thus, a codebase that
was successfully using `enum` / `enum34` and
`with_metaclass(EnumMeta)` could break on Python 3.6.",False,33,33,0,1.0,1.0,0.7272727272727273,2090,1236,1403,234,1.7272727272727273,41.42379421516611,103.5,179.25,1397.7807200321001,4.831269054878049,12256.464996617173,680.9147220342874,0.4659269066773667
213,cb7c03e07385b9a5b5e16317913970b52ae4cdb4,Benjamin Peterson,2017-09-17 18:14:09+00:00,add test for metaclass subclasses,False,8,8,0,0.0,1.0,1.0,2098,1244,1411,234,1.7272727272727273,41.42379421516611,104.25,180.75,1411.9697065611188,4.834401939655173,12384.988913626717,688.0549396459287,0.4706565688537062
214,15e31431af97e5e64b80af0a3f598d382bcdd49a,Benjamin Peterson,2017-09-17 18:40:03+00:00,six 1.11.0,False,6,3,3,,,,2098,1244,1411,234,1.7272727272727273,41.42379421516611,104.25,180.75,1411.9697065611188,4.834401939655173,12384.988913626717,688.0549396459287,0.4706565688537062
215,5d0bb5b603a21e8c4be1bb32c5c9220c84245299,Jon Dufresne,2018-01-06 20:31:26+00:00,Document six as stable and ready for use in production (#223),False,1,1,0,,,,2099,1244,1412,234,1.7272727272727273,41.42379421516611,104.25,180.75,1411.9697065611188,4.834401939655173,12384.988913626717,688.0549396459287,0.4706565688537062
216,34506dc17c6f4a94784ce3c29212d4e8993f81d0,Jon Dufresne,2018-01-22 07:08:50+00:00,"Pass python_requires argument to setuptools (#224)

Helps pip decide what version of the library to install.

https://packaging.python.org/tutorials/distributing-packages/#python-requires

> If your project only runs on certain Python versions, setting the
> python_requires argument to the appropriate PEP 440 version specifier
> string will prevent pip from installing the project on other Python
> versions.

https://setuptools.readthedocs.io/en/latest/setuptools.html#new-and-changed-setup-keywords

> python_requires
>
> A string corresponding to a version specifier (as defined in PEP 440)
> for the Python version, used to specify the Requires-Python defined in
> PEP 345.",False,3,2,1,,,,2100,1244,1413,234,1.7272727272727273,41.42379421516611,104.25,180.75,1411.9697065611188,4.834401939655173,12384.988913626717,688.0549396459287,0.4706565688537062
217,5fb43eb68b7edaedb08589dfa7229e717a78642d,Benjamin Peterson,2018-01-22 07:13:26+00:00,bump copyright year,False,10,5,5,,,,2100,1244,1413,234,1.7272727272727273,41.42379421516611,104.25,180.75,1411.9697065611188,4.834401939655173,12384.988913626717,688.0549396459287,0.4706565688537062
218,db3d0d678b422614d5de0f9ed76a2112a28c7b19,Jingxin Zhu,2018-01-26 05:41:08+00:00,add ensure_binary/str/text helper functions (#204),False,135,135,0,1.0,0.375,0.6071428571428571,2217,1306,1472,247,1.769736842105263,41.44056400584917,115.5,203.0,1619.3501283188618,4.7979332525672085,14263.635896556396,792.4242164753554,0.5397833761062872
219,edb7d0051202280d44939fd48863d244fe7b2c2b,Benjamin Peterson,2018-01-26 05:47:45+00:00,documentation tweaks,False,18,9,9,,,,2217,1306,1472,247,1.769736842105263,41.44056400584917,115.5,203.0,1619.3501283188618,4.7979332525672085,14263.635896556396,792.4242164753554,0.5397833761062872
220,8f26110f6c394672855430f9f57bb3ebd2da07cc,Benjamin Peterson,2018-07-07 18:51:15+00:00,make the homepage GH (fixes #247),False,2,1,1,,,,2217,1306,1472,247,1.769736842105263,41.44056400584917,115.5,203.0,1619.3501283188618,4.7979332525672085,14263.635896556396,792.4242164753554,0.5397833761062872
221,a611f60dc73d9df64fd8ebcec1daf9f7827e29db,E. M. Bray,2018-10-04 02:42:27+00:00,"Make add_metaclass copy __qualname__ from the original class. (#260)

Fixes #259.",False,22,22,0,1.0,1.0,1.0,2239,1322,1486,248,1.7647058823529411,41.42526526561211,116.0,204.5,1633.2111494519015,4.806648127974313,14422.316283552058,801.2397935306699,0.5444037164839671
222,d927b9e27617abca8dbf4d66cc9265ebbde261d6,Benjamin Peterson,2018-12-10 00:54:51+00:00,six 1.12.0,False,6,3,3,,,,2239,1322,1486,248,1.7647058823529411,41.42526526561211,116.0,204.5,1633.2111494519015,4.806648127974313,14422.316283552058,801.2397935306699,0.5444037164839671
223,d5efa74e2dfde8d4ddba13e127cd85c687e6016b,Jon Dufresne,2018-12-29 05:04:25+00:00,"Remove distutils fallback and outdated comment (#269)

setuptools includes a vendored version of six (and other dependencies).
They are not installed through traditional tools. Therefore, distutils
is not required as a fallback to facilitate setuptools.

https://github.com/pypa/setuptools/blob/v40.6.3/setuptools/_vendor/six.py",False,8,1,7,,,,2233,1319,1483,245,1.7647058823529411,41.42526526561211,116.0,204.5,1633.2111494519015,4.806648127974313,14422.316283552058,801.2397935306699,0.5444037164839671
224,8da94b8a153ceb0d6417d76729ba75e80eaa75c1,Toshiki Kataoka,2019-04-09 06:26:02+00:00,"Remove six.io. (#285)

There was `six.io` if and only if py3, which was error-prone.",False,1,1,0,,,,2234,1320,1484,245,1.7647058823529411,41.41763688177714,116.0,204.5,1633.2111494519015,4.806648127974313,14422.316283552058,801.2397935306699,0.5444037164839671
225,aa4e90bcd7b7bc13a71dfaebcb2021f4caaa8432,Benjamin Peterson,2019-06-19 04:06:44+00:00,Increment copyright year.,False,10,5,5,,,,2234,1320,1484,245,1.7647058823529411,41.41763688177714,116.0,204.5,1633.2111494519015,4.806648127974313,14422.316283552058,801.2397935306699,0.5444037164839671
226,ebb0db59f8cc221209876307d069c7c204fbb69a,Ivan Levkivskyi,2019-11-05 02:32:36+00:00,Add support for PEP 560. (#305),False,60,58,2,0.1702127659574468,1.0,0.8723404255319149,2290,1369,1533,248,1.767741935483871,41.38922968372965,120.5,211.25,1699.3541461514646,4.76683227344992,14887.382578415032,827.0768099119464,0.5664513820504882
227,10538f7217d7aad3976bb379f6af3187da61eb30,Benjamin Peterson,2019-11-05 02:34:07+00:00,py.test -> pytest,False,94,47,47,,,,2290,1369,1533,248,1.767741935483871,41.38922968372965,120.5,211.25,1699.3541461514646,4.76683227344992,14887.382578415032,827.0768099119464,0.5664513820504882
228,7385912842ff399224e560ff87ec8c8bd4f8d675,Eli Schwartz,2019-11-05 03:02:10+00:00,"Revert ""Remove distutils fallback and outdated comment (#269)"" (#304)

This reverts commit d5efa74e2dfde8d4ddba13e127cd85c687e6016b.

The original intention of providing a distutils fallback has not gone
away. These three extra lines will almost never be used, as most people
have setuptools or install with pip anyway, and at the same time it
serves as a very low-maintenance solution for people who *do* want to
bootstrap setuptools.

Bootstrapping setuptools without vendored six (and pyparsing) is a valid
use case. Although setuptools by default ships with vendored
dependencies, it supports removing the contents of the _vendored/
directory and falling back to an installed version of six.py -- and
thirdparty vendors of setuptools, such as Arch Linux and OpenSUSE,
actually make use of this and need to be able to bootstrap the
dependency tree of setuptools itself.",False,8,7,1,,,,2296,1372,1536,251,1.767741935483871,41.38922968372965,120.5,211.25,1699.3541461514646,4.76683227344992,14887.382578415032,827.0768099119464,0.5664513820504882
229,1f2f571cc7b3a3f57bdde604ce7b748f376adbe3,Ben Bariteau,2019-11-05 07:11:45+00:00,Add ndbm move. (#299),False,3,3,0,,,,2297,1372,1537,251,1.767741935483871,41.386215046387576,120.5,211.25,1699.3541461514646,4.76683227344992,14887.382578415032,827.0768099119464,0.5664513820504882
230,0dc54ead62c7fb06edabf1ff22fb71c0c6d958e1,Benjamin Peterson,2019-11-05 07:11:58+00:00,"Add six.moves.collections_abc.

Fixes #155.
Closes #241.",False,6,6,0,,,,2298,1372,1538,251,1.767741935483871,41.337256117982285,121.0,212.0,1705.9105505502193,4.754574440395627,14934.72609787988,829.7070054377713,0.5686368501834064
231,ec58185ed09153ec940ed3da52a58343780fee2a,Benjamin Peterson,2019-11-05 17:23:24+00:00,Bump version to 1.13.0.,False,2,1,1,,,,2298,1372,1538,251,1.767741935483871,41.337256117982285,121.0,212.0,1705.9105505502193,4.754574440395627,14934.72609787988,829.7070054377713,0.5686368501834064
232,4309e8058147dd235c60b04d98afa3891bef014a,Benjamin Peterson,2019-11-05 18:57:28+00:00,Clarify python_2_unicode_compatible is for classes.,False,2,1,1,,,,2298,1372,1538,251,1.767741935483871,41.337256117982285,121.0,212.0,1705.9105505502193,4.754574440395627,14934.72609787988,829.7070054377713,0.5686368501834064
233,33b584b2c551548021adb92a028ceaf892deb5be,Thomas Grainger,2019-11-15 02:27:32+00:00,Remove unused inner function. (#310),False,8,0,8,0.0,0.0,0.0,2290,1367,1534,251,1.767741935483871,41.337256117982285,120.5,211.25,1698.3133218421876,4.756493166465937,14881.592556905412,826.7551420503008,0.5661044406140625
234,a4d9af96b122e98b7be3649b6545e0f6a04c8335,Benjamin Peterson,2020-01-07 02:42:54+00:00,10 years of six!,False,10,5,5,,,,2290,1367,1534,251,1.767741935483871,41.337256117982285,120.5,211.25,1698.3133218421876,4.756493166465937,14881.592556905412,826.7551420503008,0.5661044406140625
235,1988faf3f7a7f77c0eccbbc5192f365400d44deb,immerrr again,2020-01-07 02:55:42+00:00,"Fix wraps handing of missing attrs. (#251)

This is pretty-much a straight backport of Py3 implementations of update_wrapper and (privately) wraps.

Fixes #250 
Fixes #165

Co-authored-by: Benjamin Peterson <benjamin@python.org>",False,65,52,13,0.9090909090909091,1.0,0.3181818181818182,2328,1390,1557,256,1.78343949044586,41.22129914148235,121.25,212.5,1710.7700642127768,4.753623517504477,14970.091384010895,831.6717435561608,0.5702566880709256
236,ac4bdc52093f030ae9f69eafb5dc684ef3aa06aa,Hugo van Kemenade,2020-01-08 02:13:50+00:00,"Drop support for EOL Python 2.6 and 3.2. (#314)

Fixes #308.

Stops testing them on the CI, update python_requries and remove some code specifically for those versions.

Not done anything to remove any six functionality that's only a benefit on those versions, that should be in a separate PR and would be a breaking change that should ideally deprecate first.",False,76,11,65,1.0,0.4666666666666667,0.0,2278,1351,1510,255,1.685897435897436,41.30297951133288,111.0,196.0,1547.6153388496855,4.4787517780938835,12307.925954682923,683.7736641490512,0.5158717796165618
237,48ffe3cdef4548d094637a8187453f7492a90dab,Benjamin Peterson,2020-01-08 02:44:39+00:00,"Point _dummy_thread to _thread on Python 3.9.

Fixes #317.",False,9,7,2,,,,2278,1351,1510,255,1.685897435897436,41.257030275518375,111.5,196.75,1554.1717432484404,4.46649394503959,12355.269474147772,686.4038596748762,0.5180572477494801
238,ab67534c843833fc4d2146d38e297487d2eddbb0,Benjamin Peterson,2020-01-08 02:48:32+00:00,version -> version_info,False,2,1,1,,,,2278,1351,1510,255,1.685897435897436,41.25826016767462,111.25,196.75,1553.512626252919,4.489309210526316,12385.684028140306,688.0935571189059,0.5178375420843063
239,10a2b75b8be7b68eacfa168834d9938b77d2d7e3,Jonathan Vanasco,2020-01-09 03:42:39+00:00,"Add assertNotRegex. (#289)

Fixes #288.

Co-authored-by: Benjamin Peterson <benjamin@python.org>",False,23,23,0,1.0,1.0,0.8,2296,1363,1522,255,1.6772151898734178,41.22111153732267,111.25,196.75,1553.512626252919,4.489309210526316,12385.684028140306,688.0935571189059,0.5178375420843063
240,3a3db7510b33eb22c63ad94bc735a9032949249f,Benjamin Peterson,2020-01-15 18:06:44+00:00,six 1.14.0,False,6,3,3,,,,2296,1363,1522,255,1.6772151898734178,41.22111153732267,111.25,196.75,1553.512626252919,4.489309210526316,12385.684028140306,688.0935571189059,0.5178375420843063
241,05c4f5178b75f6e6725324494aab8b27221328ea,Gregory P. Smith,2020-05-20 01:37:41+00:00,"Optimize ensure_str and ensure_binary. (#331)

We found that large applications that have undergone a 2 -> 3 migration
and wound up with a lot of six.ensure_str and six.ensure_binary calls
could save 1-2% CPU usage by optimizing these for the common case.

Further optimization could be done by replacing them with extension
module implementations - assumed out of scope for the pure Python six
project itself.

Ideally all of these calls and use of six in people's code would be
removed after there all need for any Python 2 compatibility is gone.
But completing that kind of type cleanup requires a lot of human
engineering time.  This lowers the ongoing costs in the interim.

Contributed by YouTube.",False,18,10,8,1.0,0.0,0.0,2298,1364,1523,256,1.6835443037974684,41.18780241427538,111.75,197.5,1560.0841513184123,4.4769736842105265,12433.041906295806,690.724550349767,0.5200280504394708
242,c0be8815d13df45b6ae471c4c436cce8c192245d,Benjamin Peterson,2020-05-21 15:19:37+00:00,Advance version to 1.15.0.,False,2,1,1,,,,2298,1364,1523,256,1.6835443037974684,41.18780241427538,111.75,197.5,1560.0841513184123,4.4769736842105265,12433.041906295806,690.724550349767,0.5200280504394708
243,e51553a5c641eee17d584e163303043b22302fe0,Victor Stinner,2021-01-03 16:21:40+00:00,"Port _SixMetaPathImporter to Python 3.10. (#343)

Fixes #341.

Co-authored-by: Benjamin Peterson <benjamin@python.org>",False,6,6,0,1.0,1.0,1.0,2304,1368,1527,256,1.675,41.09110733039853,111.75,197.5,1560.0841513184123,4.4769736842105265,12433.041906295806,690.724550349767,0.5200280504394708
244,25916292d96f5f09a43d6736a5152348212727b5,Brett Cannon,2021-04-04 22:25:03+00:00,Implement find_spec() for _SixMetaPathImporter. (#352),False,10,10,0,1.0,1.0,0.0,2314,1376,1535,256,1.6770186335403727,40.919946637883825,112.25,198.25,1566.668767590303,4.465063520871143,12480.600019959267,693.3666677755149,0.5222229225301009
245,1a4f325d55b10541ea94b889cda01e6281ba1689,Benjamin Peterson,2021-05-05 13:56:33+00:00,six 1.16.0,False,6,3,3,,,,2314,1376,1535,256,1.6770186335403727,40.919946637883825,112.25,198.25,1566.668767590303,4.465063520871143,12480.600019959267,693.3666677755149,0.5222229225301009
246,3974f0c4f6700a5821b451abddff8b3ba6b2a04f,Benjamin Peterson,2021-05-05 15:42:19+00:00,Switch dist to focal. (#356),False,21,17,4,0.0,0.0,1.0,2325,1386,1545,256,1.6832298136645962,40.919946637883825,112.75,199.75,1580.3941966040304,4.472996957403651,12615.464547272324,700.8591415151291,0.5267980655346768
247,7783c9e983b1fa37299a1db5c9e116462cbb53b8,Bart Skowron,2021-11-21 23:00:36+00:00,"Fix `UserDict` move in Python2 (#365)

instances of UserDict.UserDict are not iterable
but instances of collections.UserDict are iterable",False,286,143,143,,,,2325,1386,1545,256,1.6832298136645962,40.919946637883825,112.75,199.75,1580.3941966040304,4.472996957403651,12615.464547272324,700.8591415151291,0.5267980655346768
248,02c3bcab0b94eb7a86f6606bc8b02e3ee0a72860,Miro Hronok,2023-10-21 04:26:51+00:00,"tkinter.tix was removed from Python 3.13, skip the test (#377)",False,2,2,0,0.0,0.0,1.0,2327,1388,1547,256,1.6956521739130435,40.919946637883825,114.25,202.0,1602.9207622507581,4.622609213881805,13484.59650500107,749.1442502778373,0.5343069207502527
